TAG,SP,QUAD,Hectar,D2015,D2017,D2019,GR1517,GR1719,MAX DBH 1517,MAX DBH 1719
2643A,AAAAAA,14,H1,15.63,2.43,2.78,-13.20,0.35,15.63,0.35
2804A,ACROPO,21,H1,2.60,16.06,16.83,13.46,0.78,16.06,13.46
3551B,ACROPO,49,H2,19.96,21.04,2.24,1.09,-18.81,21.04,1.09
3007,ADENBI,28,H1,33.88,34.17,35.75,0.30,1.58,34.17,1.58
3504A,ADENBI,47,H2,34.57,36.26,36.35,1.69,0.09,36.26,1.69
2547A,AGLAE1,10,H2,15.40,15.93,16.41,0.53,0.49,15.93,0.53
2717A,AGLAGL,17,H2,2.04,13.31,12.94,11.27,-0.37,13.31,11.27
2674A,AGLASP,15,H1,2.74,13.34,13.61,10.60,0.27,13.34,10.60
2871B,AGLASP,23,H1,2.98,14.00,12.81,11.02,-1.19,14.00,11.02
2446A,AIDICO,6,H1,2.98,14.43,14.11,11.45,-0.32,14.43,11.45
3133A,AIDICO,33,H1,2.42,21.83,23.15,19.41,1.32,21.83,19.41
3547A,AIDICO,49,H2,24.15,23.82,24.42,-0.33,0.60,24.15,0.60
2632C,AIDIWA,13,H2,25.59,26.92,30.83,1.33,3.91,26.92,3.91
2410A,ALANEB,4,H1,14.75,15.21,14.67,0.45,-0.53,15.21,0.45
2423B,ALANEB,5,H1,13.28,13.01,13.04,-0.28,0.03,13.28,0.03
2935A,ALANEB,25,H1,14.83,16.15,16.57,1.32,0.41,16.15,1.32
2949A,ALANEB,26,H1,16.65,17.30,17.32,0.65,0.02,17.30,0.65
3161C,ALANEB,34,H2,16.24,16.40,17.29,0.16,0.89,16.40,0.89
3416C,ALANEB,44,H2,14.85,15.79,15.76,0.94,-0.03,15.79,0.94
3417B,ALANEB,44,H2,17.82,17.84,18.18,0.02,0.35,17.84,0.35
3431B,ALANEB,44,H2,13.71,14.12,13.42,0.41,-0.70,14.12,0.41
3527A,ALANEB,48,H2,15.44,15.56,15.57,0.13,0.01,15.56,0.13
2331,ALANRI,1,H2,18.97,18.77,18.98,-0.19,0.21,18.97,0.21
2617,ALANRI,12,H1,25.75,26.57,27.18,0.82,0.61,26.57,0.82
2803,ALANRI,20,H1,21.33,21.26,21.38,-0.07,0.11,21.33,0.11
2912,ALANRI,25,H1,16.82,13.53,13.63,-3.29,0.10,16.82,0.10
2965,ALANRI,27,H1,15.17,15.42,15.12,0.25,-0.30,15.42,0.25
3071,ALANRI,31,H2,23.91,24.49,24.41,0.58,-0.08,24.49,0.58
3139,ALANRI,33,H2,32.26,32.58,32.97,0.32,0.40,32.58,0.40
3528,ALANRI,48,H2,29.18,29.38,30.39,0.19,1.01,29.38,1.01
3553,ALANRI,50,H2,29.22,29.30,2.42,0.08,-26.88,29.30,0.08
2385,ALPHEL,4,H2,21.89,21.91,22.22,0.02,0.30,21.91,0.30
2502A,ALPHEL,8,H1,13.48,14.82,14.24,1.33,-0.58,14.82,1.33
2677F,ALPHEL,15,H1,15.64,15.52,16.16,-0.12,0.65,15.64,0.65
3497B,ALPHEL,47,H1,13.27,14.09,13.60,0.82,-0.49,14.09,0.82
3539B,ALPHEL,48,H2,13.25,2.45,2.55,-10.80,0.10,13.25,0.10
3539C,ALPHEL,48,H2,12.85,2.95,2.46,-9.90,-0.49,12.85,-0.49
2395,ALPHMA,4,H1,30.38,2.87,2.85,-27.51,-0.01,30.38,-0.01
3007E,ALPHMA,28,H2,2.80,13.42,12.86,10.61,-0.55,13.42,10.61
3385,ALPHMA,43,H2,21.22,21.18,21.87,-0.04,0.69,21.22,0.69
3544A,ALPHMA,49,H2,15.45,15.31,15.21,-0.14,-0.10,15.45,-0.10
2601,ANI1LA,12,H2,23.14,23.87,24.19,0.73,0.32,23.87,0.73
2603,ANI1LA,12,H1,33.71,35.15,35.57,1.43,0.42,35.15,1.43
2982,ANI1LA,27,H1,34.43,35.41,36.05,0.97,0.64,35.41,0.97
3132,ANI1LA,33,H2,24.73,25.03,26.23,0.30,1.20,25.03,1.20
3277,ANI1LA,38,H2,51.99,50.97,52.57,-1.02,1.60,51.99,1.60
3504,ANI1LA,47,H2,16.15,15.99,15.30,-0.16,-0.68,16.15,-0.16
3505B,ANI1LA,47,H2,2.79,13.22,2.17,10.44,-11.06,13.22,10.44
3561B,ANI1LA,50,H2,28.16,28.82,28.98,0.66,0.16,28.82,0.66
2362A,ANI2CO,2,H2,16.51,16.50,17.07,0.00,0.57,16.51,0.57
2747,ANTICO,18,H1,23.12,22.92,23.44,-0.20,0.52,23.12,0.52
2575C,APORAU,11,H2,14.30,14.03,14.87,-0.27,0.83,14.30,0.83
2911B,APORAU,25,H1,2.98,14.73,14.67,11.75,-0.06,14.73,11.75
2963A,APORAU,26,H1,16.27,17.18,17.62,0.91,0.44,17.18,0.91
3431A,APORAU,44,H2,13.07,13.26,13.17,0.19,-0.09,13.26,0.19
2335B,APORBR,1,H2,15.77,15.83,17.31,0.06,1.48,15.83,1.48
2349B,APORBR,2,H1,14.36,14.71,15.26,0.34,0.55,14.71,0.55
2848,APORBR,22,H1,14.74,14.72,14.46,-0.02,-0.26,14.74,-0.02
2910A,APORBR,25,H1,2.79,15.59,15.90,12.81,0.30,15.59,12.81
2914C,APORBR,25,H1,12.38,12.91,13.17,0.53,0.26,12.91,0.53
3506B,APORBR,47,H1,14.46,14.01,14.16,-0.46,0.15,14.46,0.15
2330C,APORCO,1,H2,15.07,15.96,16.17,0.89,0.20,15.96,0.89
2979,APORNI,27,H1,15.44,15.89,15.77,0.45,-0.12,15.89,0.45
3412A,APORNI,43,H2,16.30,16.68,16.98,0.38,0.30,16.68,0.38
3342,APORPE,41,H1,27.29,28.01,28.22,0.72,0.20,28.01,0.72
2391,APORPR,4,H1,13.97,14.51,13.98,0.54,-0.53,14.51,0.54
2410,ARCHBU,4,H1,20.61,2.91,2.93,-17.70,0.01,20.61,0.01
2632A,ARCHBU,13,H1,17.56,18.78,20.13,1.22,1.35,18.78,1.35
2699,ARCHBU,16,H1,24.19,25.41,24.88,1.22,-0.52,25.41,1.22
2805B,ARCHBU,21,H1,15.75,17.37,17.91,1.62,0.54,17.37,1.62
2935D,ARCHBU,25,H1,13.04,13.70,14.44,0.66,0.74,13.70,0.74
2941A,ARCHBU,26,H1,17.49,18.89,20.21,1.39,1.32,18.89,1.39
3113A,ARCHBU,32,H2,25.34,25.51,27.77,0.17,2.26,25.51,2.26
3263B,ARCHBU,38,H2,20.71,20.33,22.01,-0.37,1.68,20.71,1.68
3328A,ARCHBU,40,H2,19.15,19.57,18.80,0.42,-0.77,19.57,0.42
2589A,ARCHCL,11,H2,16.91,15.06,15.24,-1.85,0.18,16.91,0.18
2339A,ARCHDI,1,H1,20.94,21.06,21.08,0.13,0.02,21.06,0.13
2395C,ARCHDU,4,H1,13.51,16.13,17.00,2.62,0.87,16.13,2.62
2453A,ARDICO,6,H1,16.49,17.10,17.72,0.62,0.61,17.10,0.62
3344B,ARDICO,41,H2,17.01,16.24,2.43,-0.77,-13.81,17.01,-0.77
3257A,ARDIPA,36,H2,17.70,17.54,17.80,-0.16,0.26,17.70,0.26
2330B,ARTOIS,1,H1,16.05,16.79,17.13,0.74,0.33,16.79,0.74
2350,ARTOIS,2,H1,36.97,36.90,36.58,-0.07,-0.33,36.97,-0.07
2465A,ARTOIS,6,H1,17.31,18.05,18.63,0.74,0.58,18.05,0.74
2487,ARTOIS,7,H1,32.95,32.72,32.37,-0.23,-0.35,32.95,-0.23
2666A,ARTOIS,15,H1,17.40,18.06,18.34,0.66,0.28,18.06,0.66
2698B,ARTOIS,16,H1,17.03,17.68,18.24,0.64,0.56,17.68,0.64
2763B,ARTOKE,19,H1,16.51,13.45,14.14,-3.06,0.69,16.51,0.69
2914B,ARTOKE,25,H1,14.77,14.28,14.95,-0.49,0.67,14.77,0.67
2749,ARTOLO,18,H1,2.66,22.56,22.92,19.90,0.36,22.56,19.90
3016,ARTOLO,29,H1,30.82,31.02,30.43,0.19,-0.59,31.02,0.19
2555,ARTORI,10,H2,31.36,31.34,31.20,-0.02,-0.14,31.36,-0.02
2572A,ARTORI,11,H1,17.58,18.67,2.03,1.09,-16.64,18.67,1.09
2787,ARTOSC,20,H2,34.75,35.07,35.36,0.32,0.29,35.07,0.32
2815,ARTOSC,21,H1,20.81,20.88,21.40,0.07,0.52,20.88,0.52
3518B,ARTOSC,47,H2,22.47,23.13,23.20,0.66,0.06,23.13,0.66
2873B,ATUNPE,23,H1,2.03,13.28,13.35,11.25,0.07,13.28,11.25
3249B,BACCKU,37,H2,15.62,15.27,15.19,-0.35,-0.08,15.62,-0.08
2967D,BACCPY,27,H1,16.76,2.49,2.10,-14.28,-0.38,16.76,-0.38
3003D,BACCPY,28,H2,13.14,13.38,13.27,0.24,-0.12,13.38,0.24
3460A,BACCRA,46,H2,16.17,16.49,16.74,0.32,0.26,16.49,0.32
2731,BACCRE,17,H1,19.54,19.38,19.11,-0.15,-0.27,19.54,-0.15
2870,BACCRE,23,H1,15.20,15.40,15.38,0.19,-0.02,15.40,0.19
3312A,BACCRE,40,H2,20.15,19.89,20.24,-0.26,0.35,20.15,0.35
3411,BACCRE,43,H2,18.99,21.60,21.71,2.60,0.12,21.60,2.60
3524,BACCRE,48,H2,41.54,42.22,43.47,0.68,1.25,42.22,1.25
2698,BACCSU,16,H2,21.21,21.22,20.96,0.01,-0.26,21.22,0.01
2707,BARRPE,17,H1,31.05,30.86,31.30,-0.19,0.44,31.05,0.44
2741,BARRPE,18,H1,19.93,19.58,20.14,-0.35,0.56,19.93,0.56
2840,BARRPE,22,H1,26.09,26.59,26.98,0.51,0.38,26.59,0.51
2888,BARRPE,24,H1,37.79,2.82,2.27,-34.97,-0.54,37.79,-0.54
3180A,BARRPE,35,H1,13.93,13.48,14.60,-0.45,1.12,13.93,1.12
3433,BARRPE,44,H2,22.96,22.80,22.75,-0.17,-0.04,22.96,-0.04
3460,BARRPE,46,H2,55.23,55.86,55.41,0.63,-0.45,55.86,0.63
2648D,BEILDI,14,H1,15.19,16.10,15.30,0.91,-0.80,16.10,0.91
3080,BEILDI,31,H2,51.42,52.00,53.22,0.58,1.21,52.00,1.21
3098,BEILDI,32,H2,25.07,2.04,2.28,-23.03,0.24,25.07,0.24
3316,BEILDI,40,H2,50.78,51.60,51.37,0.82,-0.23,51.60,0.82
2615,BEILKU,12,H2,17.65,16.78,17.24,-0.87,0.46,17.65,0.46
2382,BEILL1,3,H1,18.15,18.22,18.33,0.07,0.11,18.22,0.11
2850,BEILM2,22,H1,15.66,15.99,15.60,0.33,-0.39,15.99,0.33
2854,BEILM2,22,H1,49.22,48.66,49.73,-0.55,1.07,49.22,1.07
3007C,BEILP2,28,H1,13.03,13.66,14.28,0.63,0.62,13.66,0.63
3369,BHESPA,42,H1,25.10,25.13,26.60,0.03,1.47,25.13,1.47
2788A,BLUMTO,20,H2,17.41,18.61,2.07,1.20,-16.54,18.61,1.20
2569,BOUEMA,11,H2,38.99,37.92,39.19,-1.07,1.27,38.99,1.27
2992A,BOUEMA,28,H1,13.70,13.37,2.96,-0.33,-10.41,13.70,-0.33
2474,BOUEOP,7,H2,28.01,28.52,2.07,0.51,-26.45,28.52,0.51
3067B,BOUEOP,30,H1,16.40,17.27,18.31,0.87,1.04,17.27,1.04
3184,BRACHO,35,H2,37.43,36.73,34.62,-0.70,-2.11,37.43,-0.70
3257C,BUCHAR,37,H2,12.54,13.10,2.45,0.57,-10.65,13.10,0.57
2377A,BUCHSE,3,H1,19.65,20.17,20.59,0.52,0.42,20.17,0.52
3436C,BUCHSE,45,H2,14.61,14.67,2.61,0.06,-12.06,14.67,0.06
3145A,CALODE,34,H2,13.46,13.66,14.34,0.20,0.68,13.66,0.68
2705,CALODI,17,H1,28.93,29.36,28.84,0.43,-0.52,29.36,0.43
3182C,CALODI,35,H1,15.84,16.11,15.98,0.27,-0.13,16.11,0.27
3309,CALODI,39,H2,23.09,24.99,24.79,1.91,-0.20,24.99,1.91
3317A,CALODI,40,H2,13.57,14.27,13.89,0.70,-0.38,14.27,0.70
3410,CALODI,43,H2,25.74,26.75,2.84,1.01,-23.92,26.75,1.01
3512C,CALODI,47,H2,15.18,15.78,15.92,0.60,0.14,15.78,0.60
3534B,CALODI,48,H2,2.01,12.66,12.85,10.65,0.19,12.66,10.65
3544B,CALODI,49,H2,18.68,19.59,20.09,0.91,0.51,19.59,0.91
3555A,CALODI,50,H2,24.81,25.04,25.30,0.23,0.26,25.04,0.26
3512A,CALORU,47,H2,13.21,14.05,14.05,0.84,0.00,14.05,0.84
3002B,CALOSO,28,H2,13.19,13.59,13.26,0.40,-0.33,13.59,0.40
2570A,CALOTE,11,H1,23.77,2.33,2.99,-21.45,0.67,23.77,0.67
2917,CALOTE,25,H1,26.40,27.17,27.69,0.77,0.52,27.17,0.77
2964A,CALOTE,27,H1,22.66,23.68,24.51,1.03,0.83,23.68,1.03
2970,CALOTE,27,H2,20.03,19.39,2.33,-0.64,-17.06,20.03,-0.64
3197A,CALOTE,35,H2,15.79,15.76,3.00,-0.03,-12.77,15.79,-0.03
3133,CALOWA,33,H2,26.00,26.49,27.23,0.49,0.73,26.49,0.73
3125,CANAAP,33,H2,56.24,56.77,57.68,0.53,0.91,56.77,0.91
2456A,CANALL,6,H2,2.53,13.39,13.40,10.86,0.01,13.39,10.86
3138A,CANALL,33,H1,17.53,15.86,2.50,-1.68,-13.36,17.53,-1.68
2618,CANALR,12,H1,25.37,25.27,24.94,-0.10,-0.33,25.37,-0.10
2930,CANALR,25,H1,63.89,64.47,64.28,0.58,-0.19,64.47,0.58
3283,CANALR,39,H2,13.96,13.93,14.73,-0.02,0.79,13.96,0.79
3335A,CANALR,41,H2,14.34,15.03,15.57,0.69,0.54,15.03,0.69
2595,CANALT,12,H2,18.27,17.93,17.58,-0.33,-0.35,18.27,-0.33
3242A,CANAME,37,H1,14.25,14.89,15.24,0.64,0.34,14.89,0.64
3561F,CANAPA,50,H2,2.54,12.43,13.23,9.89,0.80,12.43,9.89
2719A,CANTDI,17,H1,23.45,23.04,23.18,-0.41,0.14,23.45,0.14
2724A,CANTDI,17,H1,2.95,19.24,19.26,16.29,0.02,19.24,16.29
2740,CANTDI,18,H1,23.42,2.32,2.81,-21.10,0.48,23.42,0.48
2740B,CANTDI,18,H1,17.44,17.00,2.50,-0.43,-14.51,17.44,-0.43
2824,CANTDI,21,H1,24.30,23.91,2.48,-0.38,-21.43,24.30,-0.38
3124,CANTDI,33,H1,38.32,38.72,36.45,0.39,-2.27,38.72,0.39
2911,CASTME,25,H1,2.48,36.13,37.35,33.65,1.23,36.13,33.65
3001A,CASTME,28,H1,14.45,14.95,16.42,0.50,1.46,14.95,1.46
3079B,CASTME,31,H2,16.28,16.38,16.70,0.10,0.32,16.38,0.32
3312B,CASTME,40,H2,15.20,15.20,15.48,-0.01,0.29,15.20,0.29
2355,CHISTO,2,H2,15.75,15.75,16.07,0.01,0.31,15.75,0.31
3521,CHISTO,47,H1,18.05,17.66,17.64,-0.38,-0.02,18.05,-0.02
2952,CHRYLA,26,H2,36.74,38.53,38.73,1.79,0.20,38.53,1.79
3546C,CINNIN,49,H1,16.01,16.34,16.15,0.33,-0.19,16.34,0.33
2346,CLE1SU,2,H2,18.39,18.75,18.53,0.36,-0.22,18.75,0.36
2367,CLE1SU,3,H1,25.83,25.30,25.33,-0.53,0.02,25.83,0.02
2369A,CLE1SU,3,H1,13.76,2.20,2.34,-11.56,0.14,13.76,0.14
2375,CLE1SU,3,H1,13.92,14.24,15.21,0.32,0.98,14.24,0.98
2379,CLE1SU,3,H1,17.01,16.64,17.89,-0.37,1.25,17.01,1.25
2388,CLE1SU,4,H1,17.12,17.51,17.82,0.39,0.31,17.51,0.39
2408,CLE1SU,4,H1,23.06,23.55,24.00,0.49,0.45,23.55,0.49
3184C,CLE1SU,35,H1,14.90,14.60,14.22,-0.30,-0.37,14.90,-0.30
3294B,CROTAR,39,H1,14.58,15.86,2.53,1.28,-13.34,15.86,1.28
3294C,CROTAR,39,H2,15.42,17.00,17.22,1.58,0.22,17.00,1.58
3296B,CROTAR,39,H2,14.31,15.18,15.61,0.86,0.43,15.18,0.86
3308A,CROTAR,39,H2,2.76,13.50,13.55,10.74,0.05,13.50,10.74
3328B,CROTAR,40,H2,14.74,15.14,16.04,0.39,0.90,15.14,0.90
3408A,CROTAR,43,H2,2.28,12.41,12.83,10.13,0.42,12.41,10.13
3413,CROTAR,43,H2,2.98,15.73,16.59,12.75,0.86,15.73,12.75
3503B,CROTAR,47,H2,15.53,2.49,2.49,-13.04,0.00,15.53,0.00
3521A,CROTAR,47,H2,16.61,17.65,18.32,1.04,0.67,17.65,1.04
3525B,CROTAR,48,H2,13.55,14.61,14.22,1.06,-0.39,14.61,1.06
3532A,CROTAR,48,H2,19.42,19.96,19.76,0.54,-0.20,19.96,0.54
3547C,CROTAR,49,H2,14.59,14.69,14.75,0.10,0.06,14.69,0.10
2335C,CROTLA,1,H2,13.69,13.13,13.67,-0.56,0.53,13.69,0.53
2441C,CROTLA,6,H1,2.61,14.25,14.75,11.65,0.50,14.25,11.65
2506B,CROTLA,8,H1,15.82,15.37,15.54,-0.46,0.18,15.82,0.18
2525A,CROTLA,9,H1,2.76,13.55,14.78,10.79,1.23,13.55,10.79
2614B,CROTLA,12,H1,2.65,13.59,13.24,10.94,-0.35,13.59,10.94
2632B,CROTLA,13,H1,23.30,23.21,23.41,-0.09,0.20,23.30,0.20
2860A,CROTLA,23,H1,14.35,14.69,14.66,0.33,-0.03,14.69,0.33
3000A,CROTLA,28,H2,2.79,18.39,19.05,15.59,0.66,18.39,15.59
3077B,CROTLA,31,H2,2.42,18.66,19.08,16.24,0.41,18.66,16.24
3082A,CROTLA,31,H2,18.10,2.72,2.91,-15.38,0.19,18.10,0.19
3555B,CROTLA,50,H2,22.23,22.78,23.96,0.56,1.18,22.78,1.18
3132A,CRY1CA,33,H2,21.24,21.40,23.03,0.16,1.62,21.40,1.62
2814C,CRY1GR,21,H1,13.04,12.98,13.18,-0.07,0.21,13.04,0.21
3545A,CRY1IN,49,H2,2.21,12.64,12.97,10.43,0.33,12.64,10.43
3341A,CRY1RU,41,H2,15.60,16.81,18.25,1.21,1.45,16.81,1.45
2706,CYATRA,17,H1,35.88,36.44,35.21,0.56,-1.23,36.44,0.56
2748B,CYATRA,18,H1,20.72,20.47,2.35,-0.25,-18.12,20.72,-0.25
3184B,CYATRA,35,H1,13.27,13.51,13.92,0.25,0.40,13.51,0.40
2367C,CYNOMA,3,H2,15.81,16.76,16.50,0.95,-0.26,16.76,0.95
2523,CYNOMA,9,H1,24.72,25.63,26.43,0.91,0.80,25.63,0.91
2695,CYNOMA,16,H1,61.29,61.58,62.61,0.30,1.02,61.58,1.02
2805C,CYNOMA,21,H1,18.73,19.52,2.31,0.80,-17.21,19.52,0.80
2880,CYNOMA,23,H1,29.34,30.12,31.51,0.78,1.39,30.12,1.39
2993A,CYNOMA,28,H1,19.83,20.39,20.52,0.56,0.14,20.39,0.56
3188,CYNOMA,35,H2,49.13,49.31,53.44,0.18,4.13,49.31,4.13
3194,CYNOMA,35,H2,26.17,26.59,26.96,0.42,0.37,26.59,0.42
3436A,CYNOMA,45,H2,15.94,15.99,17.66,0.06,1.67,15.99,1.67
3532,CYNOMA,48,H2,22.48,22.08,22.22,-0.40,0.14,22.48,0.14
2800,DACRCO,20,H1,25.20,26.01,26.40,0.81,0.39,26.01,0.81
3535,DACRCO,48,H2,40.22,40.40,40.57,0.17,0.18,40.40,0.18
2693,DACRLA,16,H1,16.29,16.02,17.03,-0.27,1.01,16.29,1.01
2709,DACRLA,17,H1,17.49,14.35,14.27,-3.14,-0.08,17.49,-0.08
3206,DACRLA,36,H1,24.51,24.13,24.50,-0.38,0.37,24.51,0.37
3381,DACRLA,43,H2,23.66,23.77,23.97,0.11,0.20,23.77,0.20
2323,DACRR1,1,H1,22.52,22.75,22.13,0.22,-0.61,22.75,0.22
2345,DACRR1,2,H1,14.55,14.29,14.17,-0.27,-0.11,14.55,-0.11
2348,DACRR1,2,H1,16.45,16.83,16.72,0.38,-0.12,16.83,0.38
2349,DACRR1,2,H1,19.16,19.12,19.77,-0.05,0.65,19.16,0.65
2349A,DACRR1,2,H1,14.37,14.33,2.60,-0.04,-11.74,14.37,-0.04
2362,DACRR1,2,H1,21.30,21.24,21.65,-0.06,0.41,21.30,0.41
2502B,DACRR1,8,H1,2.98,12.39,2.16,9.41,-10.23,12.39,9.41
2549,DACRR1,10,H1,19.13,20.42,20.45,1.29,0.03,20.42,1.29
2570,DACRR1,11,H1,22.20,25.14,25.03,2.94,-0.11,25.14,2.94
2612A,DACRR1,12,H1,12.73,12.53,13.19,-0.20,0.66,12.73,0.66
2636B,DACRR1,13,H1,17.85,18.80,19.80,0.95,1.00,18.80,1.00
2807,DACRR1,21,H1,21.91,2.41,2.79,-19.50,0.38,21.91,0.38
2812,DACRR1,21,H1,20.82,21.73,21.52,0.90,-0.21,21.73,0.90
2868,DACRR1,23,H1,22.42,22.36,23.67,-0.06,1.31,22.42,1.31
2892,DACRR1,24,H1,22.66,23.08,22.90,0.41,-0.17,23.08,0.41
2894,DACRR1,24,H1,22.59,23.17,23.10,0.58,-0.06,23.17,0.58
2912A,DACRR1,25,H1,13.78,14.20,15.26,0.42,1.07,14.20,1.07
2965A,DACRR1,27,H1,2.27,13.23,12.76,10.97,-0.47,13.23,10.97
3017,DACRR1,29,H2,21.70,22.10,22.16,0.39,0.07,22.10,0.39
3018,DACRR1,29,H2,20.06,21.20,20.61,1.14,-0.59,21.20,1.14
3121,DACRR1,33,H2,15.76,16.17,16.69,0.41,0.52,16.17,0.52
3122,DACRR1,33,H2,16.41,16.63,16.62,0.22,-0.02,16.63,0.22
3188C,DACRR1,35,H2,16.74,16.81,17.22,0.07,0.41,16.81,0.41
3344A,DACRR1,41,H2,13.10,13.01,13.78,-0.10,0.77,13.10,0.77
3389A,DACRR1,43,H2,16.18,17.16,17.68,0.98,0.52,17.16,0.98
3401,DACRR1,43,H2,27.74,27.95,2.50,0.21,-25.45,27.95,0.21
3407,DACRR1,43,H2,33.47,33.03,33.35,-0.45,0.32,33.47,0.32
3430B,DACRR1,44,H2,17.51,14.34,15.19,-3.17,0.86,17.51,0.86
3436,DACRR1,45,H2,22.45,23.16,22.89,0.71,-0.28,23.16,0.71
2426,DACRR2,5,H1,17.10,17.64,17.72,0.54,0.08,17.64,0.54
3373,DACRR2,43,H1,2.88,21.53,22.92,18.65,1.40,21.53,18.65
2391A,DACRRI,4,H2,22.21,23.07,23.71,0.86,0.64,23.07,0.86
2478A,DACRRO,7,H1,2.90,23.96,24.57,21.06,0.61,23.96,21.06
2548A,DACRRO,10,H1,18.37,17.78,18.46,-0.59,0.68,18.37,0.68
2738A,DACRRO,18,H1,13.97,13.87,14.53,-0.10,0.66,13.97,0.66
2818,DACRRO,21,H1,19.08,18.72,18.54,-0.35,-0.19,19.08,-0.19
3049,DACRRO,29,H1,23.58,23.02,23.16,-0.56,0.14,23.58,0.14
3554C,DACRRO,50,H2,13.06,12.77,12.39,-0.28,-0.38,13.06,-0.28
2574,DIALPA,11,H2,19.34,19.55,19.70,0.22,0.14,19.55,0.22
2369B,DIALPL,3,H1,27.47,27.30,28.64,-0.17,1.35,27.47,1.35
3499A,DIALPL,47,H1,27.14,27.37,29.70,0.23,2.33,27.37,2.33
3291,DIALWA,39,H1,20.42,22.21,23.39,1.79,1.17,22.21,1.79
3383,DIALWA,43,H2,17.98,17.98,17.63,0.00,-0.35,17.98,0.00
2427A,DILLSU,5,H2,14.84,14.91,16.13,0.07,1.22,14.91,1.22
2955,DILLSU,26,H1,19.28,18.91,19.36,-0.36,0.44,19.28,0.44
2416,DIOSAP,5,H2,20.83,22.05,21.13,1.21,-0.91,22.05,1.21
2501,DIOSAP,8,H1,28.59,28.82,30.54,0.23,1.73,28.82,1.73
2752A,DIOSAP,18,H1,17.90,16.13,15.38,-1.77,-0.75,17.90,-0.75
2432C,DIOSBU,5,H2,14.73,15.32,15.20,0.60,-0.12,15.32,0.60
2557,DIOSBU,10,H1,26.71,27.36,27.63,0.65,0.28,27.36,0.65
2666C,DIOSBU,15,H1,13.82,14.70,14.82,0.88,0.12,14.70,0.88
2742,DIOSBU,18,H1,18.08,17.73,17.95,-0.36,0.23,18.08,0.23
2935B,DIOSBU,25,H1,14.09,14.96,16.08,0.87,1.12,14.96,1.12
3184D,DIOSBU,35,H1,13.87,14.31,14.35,0.44,0.04,14.31,0.44
3340,DIOSBU,41,H2,19.45,173.68,2.36,154.23,-171.32,173.68,154.23
2713,DIOSMA,17,H2,20.60,20.02,20.03,-0.59,0.01,20.60,0.01
2337A,DIOSNU,1,H1,13.53,13.93,13.84,0.40,-0.09,13.93,0.40
2395E,DIOSRU,4,H1,18.20,19.18,19.37,0.97,0.19,19.18,0.97
2967E,DIOSRU,27,H1,12.94,13.55,13.29,0.61,-0.25,13.55,0.61
2398,DIOSS1,4,H2,19.12,19.70,19.60,0.58,-0.09,19.70,0.58
2645A,DIOSSI,14,H1,15.02,15.01,14.89,-0.01,-0.12,15.02,-0.01
2989,DIOSSI,24,H1,15.36,17.50,15.49,2.14,-2.01,17.50,2.14
3145,DIOSSI,34,H1,19.25,19.77,19.27,0.52,-0.50,19.77,0.52
2432B,DIOSSU,5,H2,12.35,12.35,12.75,0.01,0.40,12.35,0.40
2860B,DIOSSU,23,H1,13.88,14.55,14.15,0.67,-0.40,14.55,0.67
2367D,DIPLMA,3,H1,2.18,13.22,13.38,11.04,0.16,13.22,11.04
2398A,DIPLMA,4,H1,2.92,13.14,13.27,10.22,0.13,13.14,10.22
2454,DIPLMA,6,H1,19.09,18.78,19.26,-0.31,0.48,19.09,0.48
2652,DIPLMA,14,H1,19.74,19.24,19.98,-0.50,0.74,19.74,0.74
2915,DIPLMA,25,H1,17.64,18.69,18.02,1.06,-0.68,18.69,1.06
3003C,DIPLMA,28,H2,18.32,18.36,18.48,0.03,0.12,18.36,0.12
3293A,DIPLMA,39,H2,14.66,14.62,16.31,-0.04,1.70,14.66,1.70
2332,DIPTC1,1,H2,31.08,30.97,32.69,-0.11,1.72,31.08,1.72
2337,DIPTC1,1,H1,33.88,35.09,37.03,1.21,1.94,35.09,1.94
2355A,DIPTC1,2,H1,13.25,13.87,2.81,0.62,-11.06,13.87,0.62
2383,DIPTC1,4,H1,71.28,72.11,72.59,0.83,0.48,72.11,0.83
2453B,DIPTC1,6,H1,2.70,16.01,15.65,13.30,-0.36,16.01,13.30
2467B,DIPTC1,6,H1,14.81,15.78,17.44,0.97,1.65,15.78,1.65
2682,DIPTC1,16,H1,43.94,44.92,44.84,0.98,-0.07,44.92,0.98
2687,DIPTC1,16,H1,81.93,82.38,83.09,0.45,0.71,82.38,0.71
2775,DIPTC1,19,H1,15.52,14.94,15.35,-0.57,0.41,15.52,0.41
2863,DIPTC1,23,H1,15.52,2.45,2.82,-13.07,0.38,15.52,0.38
2903,DIPTC1,24,H1,28.42,2.71,2.33,-25.71,-0.38,28.42,-0.38
2920A,DIPTC1,25,H1,13.44,13.60,2.25,0.17,-11.36,13.60,0.17
2929,DIPTC1,25,H1,24.67,24.87,24.47,0.20,-0.40,24.87,0.20
2935,DIPTC1,25,H1,22.11,22.76,24.02,0.65,1.26,22.76,1.26
2941,DIPTC1,26,H1,38.37,40.74,39.97,2.38,-0.77,40.74,2.38
2958,DIPTC1,26,H2,58.44,58.90,60.78,0.46,1.87,58.90,1.87
3159,DIPTC1,34,H2,17.36,16.95,17.76,-0.41,0.81,17.36,0.81
3169,DIPTC1,34,H2,80.88,80.80,82.00,-0.08,1.19,80.88,1.19
3402,DIPTC1,43,H2,13.67,13.56,13.63,-0.11,0.07,13.67,0.07
3346,DIPTKU,41,H1,113.11,102.38,103.90,-10.73,1.52,113.11,1.52
2696A,DRYPKI,16,H1,14.89,14.54,14.65,-0.35,0.10,14.89,0.10
2565,DRYPLO,10,H2,18.34,2.38,2.78,-15.96,0.40,18.34,0.40
2572,DRYPLO,11,H1,16.20,16.20,16.44,0.00,0.24,16.20,0.24
2733,DRYPLO,17,H1,16.53,17.31,18.08,0.79,0.77,17.31,0.79
2768,DRYPLO,19,H1,13.63,14.53,2.61,0.90,-11.91,14.53,0.90
2820,DRYPLO,21,H1,18.08,17.65,17.41,-0.44,-0.24,18.08,-0.24
2902,DRYPLO,24,H1,17.38,17.37,17.24,-0.01,-0.13,17.38,-0.01
2921,DRYPLO,25,H1,17.62,17.66,17.24,0.05,-0.42,17.66,0.05
3164A,DRYPLO,34,H2,13.68,13.32,14.05,-0.36,0.72,13.68,0.72
3308,DRYPLO,39,H2,22.79,23.02,23.51,0.22,0.49,23.02,0.49
3525,DRYPLO,48,H2,23.79,23.75,23.17,-0.04,-0.58,23.79,-0.04
2954A,DRYPPE,26,H2,13.55,14.03,13.64,0.49,-0.39,14.03,0.49
3244B,DRYPPO,37,H2,14.33,13.87,13.63,-0.46,-0.23,14.33,-0.23
3442A,DRYPPO,45,H2,13.08,13.22,13.41,0.14,0.19,13.22,0.19
2516B,DURIGR,8,H1,2.56,14.47,13.93,11.91,-0.54,14.47,11.91
3052,DURIGR,30,H1,31.36,31.29,31.51,-0.06,0.22,31.36,0.22
3088,DURIGR,31,H2,17.38,17.71,17.33,0.33,-0.38,17.71,0.33
3233C,DURIGR,37,H2,16.71,16.58,17.70,-0.13,1.12,16.71,1.12
2931,DYERCO,25,H1,44.19,43.91,44.12,-0.28,0.21,44.19,0.21
2532C,ELAEFE,9,H2,12.59,12.92,12.62,0.33,-0.30,12.92,0.33
2939B,ELAEFE,25,H1,28.45,2.76,2.68,-25.68,-0.08,28.45,-0.08
3150,ELAEFL,34,H1,36.13,37.08,37.13,0.95,0.06,37.08,0.95
2532,ELAENI,9,H2,41.16,43.24,43.30,2.09,0.05,43.24,2.09
2696,ELAENI,16,H1,31.01,31.10,31.10,0.09,0.00,31.10,0.09
3501,ELAENI,47,H1,19.63,2.21,2.33,-17.42,0.11,19.63,0.11
2914A,ELAEP3,25,H2,15.10,15.00,15.77,-0.10,0.77,15.10,0.77
2724,ELAERU,17,H1,2.48,43.80,43.25,41.32,-0.54,43.80,41.32
2953,ELAERU,26,H1,19.14,19.57,2.20,0.43,-17.36,19.57,0.43
2430A,ELATTA,5,H2,13.83,13.99,13.65,0.15,-0.34,13.99,0.15
2940,ELATTA,26,H1,43.81,44.57,44.85,0.76,0.28,44.57,0.76
3115,ELATTA,32,H2,39.87,40.01,40.45,0.14,0.45,40.01,0.45
3384A,ELATTA,43,H2,2.09,12.11,12.75,10.02,0.64,12.11,10.02
2921A,ELLATA,25,H2,13.14,13.76,13.15,0.62,-0.61,13.76,0.62
3497C,EUGE10,47,H1,21.90,21.70,22.55,-0.20,0.85,21.90,0.85
2914,EUGEC1,25,H1,24.84,25.77,27.27,0.93,1.50,25.77,1.50
2920,EUGEC1,25,H1,20.24,20.32,20.59,0.09,0.26,20.32,0.26
2924,EUGEC1,25,H1,19.43,19.24,20.13,-0.19,0.89,19.43,0.89
3077,EUGEC1,31,H2,17.39,17.51,16.17,0.11,-1.34,17.51,0.11
3130,EUGEC1,33,H2,17.45,2.25,2.68,-15.20,0.44,17.45,0.44
3315,EUGEC1,40,H2,22.43,23.56,23.40,1.13,-0.16,23.56,1.13
3272A,EUGECH,38,H1,15.52,15.44,15.81,-0.08,0.37,15.52,0.37
3023,EUGECL,29,H1,46.49,48.06,49.40,1.57,1.35,48.06,1.57
3116A,EUGECL,32,H2,14.54,14.21,14.47,-0.33,0.27,14.54,0.27
3262A,EUGECL,38,H2,15.15,17.02,17.21,1.88,0.19,17.02,1.88
3403A,EUGECL,43,H2,13.43,13.52,14.59,0.10,1.07,13.52,1.07
2508,EUGEDE,8,H1,2.18,15.80,2.79,13.62,-13.02,15.80,13.62
2521,EUGEDE,9,H1,13.26,13.31,14.00,0.05,0.69,13.31,0.69
3505,EUGEDE,47,H1,14.52,14.66,14.81,0.14,0.15,14.66,0.15
3505A,EUGEDE,47,H2,15.43,14.88,15.03,-0.55,0.15,15.43,0.15
2881A,EUGEDU,23,H2,19.00,18.50,19.09,-0.50,0.59,19.00,0.59
3277A,EUGEDU,38,H1,22.10,22.90,23.25,0.81,0.34,22.90,0.81
2575,EUGEFI,11,H1,23.27,23.17,23.82,-0.10,0.65,23.27,0.65
3341C,EUGEFI,41,H1,18.16,18.37,18.13,0.21,-0.24,18.37,0.21
2335,EUGEFL,1,H2,41.54,42.04,43.03,0.49,0.99,42.04,0.99
2670,EUGEFL,15,H1,42.95,43.41,43.51,0.46,0.10,43.41,0.46
2816,EUGEGR,21,H1,24.18,24.26,24.98,0.08,0.72,24.26,0.72
2825,EUGEGR,21,H1,25.50,26.22,26.40,0.72,0.18,26.22,0.72
3180,EUGEGR,35,H2,14.37,14.70,2.52,0.32,-12.18,14.70,0.32
3238,EUGEGR,37,H2,32.00,2.81,2.86,-29.18,0.05,32.00,0.05
2376A,EUGEIN,3,H2,27.35,28.43,28.73,1.09,0.30,28.43,1.09
2496,EUGEKO,7,H1,31.77,32.59,33.86,0.82,1.27,32.59,1.27
2569B,EUGENA,11,H1,16.41,13.43,2.68,-2.99,-10.75,16.41,-2.99
3045A,EUGENA,29,H1,16.15,17.62,18.33,1.47,0.71,17.62,1.47
3242,EUGENA,37,H2,31.13,31.68,31.97,0.55,0.29,31.68,0.55
2618A,EUGEO1,12,H2,13.63,13.01,13.81,-0.61,0.80,13.63,0.80
2737,EUGEO1,18,H1,58.46,58.18,59.38,-0.28,1.20,58.46,1.20
2843,EUGEP3,22,H1,104.87,105.29,106.21,0.42,0.92,105.29,0.92
2861,EUGEP3,23,H1,22.71,22.76,22.35,0.05,-0.41,22.76,0.05
3060,EUGEP3,30,H1,48.93,50.07,50.86,1.14,0.78,50.07,1.14
3354,EUGEP3,42,H2,31.60,2.53,2.89,-29.07,0.36,31.60,0.36
3371,EUGEP3,42,H2,41.48,41.28,42.23,-0.21,0.96,41.48,0.96
2763A,EUGEP4,19,H2,27.05,27.92,29.39,0.87,1.46,27.92,1.46
2572E,EUGEPU,11,H1,2.25,12.51,13.34,10.26,0.84,12.51,10.26
2728,EUGEPU,17,H1,16.73,17.88,17.49,1.14,-0.38,17.88,1.14
2967,EUGEPU,27,H1,19.89,20.47,20.28,0.58,-0.19,20.47,0.58
2504D,EUGERI,8,H1,26.07,27.09,29.37,1.03,2.28,27.09,2.28
2563A,EUGERI,10,H1,2.65,14.56,14.83,11.91,0.28,14.56,11.91
2643C,EUGERI,14,H1,16.48,16.75,16.50,0.27,-0.25,16.75,0.27
2845,EUGES2,22,H2,31.18,31.50,32.40,0.32,0.90,31.50,0.90
3533A,EUGES2,48,H1,18.59,19.04,18.68,0.45,-0.36,19.04,0.45
3007D,EUGESC,28,H1,12.59,13.62,13.65,1.04,0.03,13.62,1.04
3544C,EUGESD,49,H2,16.24,16.10,16.03,-0.14,-0.07,16.24,-0.07
2933,EUGESP,25,H1,19.87,2.55,2.51,-17.33,-0.04,19.87,-0.04
3528A,EUGESP,48,H1,17.06,16.89,17.72,-0.18,0.83,17.06,0.83
3069,EUGESU,30,H1,19.65,20.34,20.86,0.69,0.52,20.34,0.69
3233,EUGESU,37,H2,26.67,27.57,27.89,0.90,0.32,27.57,0.90
2367F,EUGETU,3,H2,2.29,12.77,13.64,10.49,0.87,12.77,10.49
2496A,EUGETU,7,H1,20.19,21.90,22.97,1.70,1.08,21.90,1.70
2370,GANUSN,3,H1,15.73,15.58,15.78,-0.16,0.21,15.73,0.21
2554,GANUSN,10,H1,17.81,17.64,16.90,-0.17,-0.74,17.81,-0.17
2773,GANUSN,19,H1,17.28,17.82,17.34,0.54,-0.48,17.82,0.54
3110,GANUSN,32,H2,39.31,39.50,40.23,0.19,0.73,39.50,0.73
3274,GANUSN,38,H2,23.19,23.16,24.02,-0.02,0.86,23.19,0.86
3420B,GARCAT,44,H2,12.97,12.97,13.01,0.00,0.04,12.97,0.04
3554B,GARCBA,50,H2,33.26,35.49,37.89,2.23,2.41,35.49,2.41
2748A,GARCEU,18,H2,44.88,46.97,47.69,2.09,0.73,46.97,2.09
2467A,GARCMA,6,H1,15.29,15.64,14.80,0.35,-0.84,15.64,0.35
2669A,GARCMA,15,H1,19.42,13.79,14.50,-5.63,0.71,19.42,0.71
2375B,GARCNE,3,H1,2.16,13.15,14.14,10.98,0.99,13.15,10.98
3351,GARCNI,42,H1,15.63,16.19,2.33,0.56,-13.85,16.19,0.56
2469A,GARCPA,6,H1,15.33,13.55,14.36,-1.78,0.81,15.33,0.81
3007B,GARCPA,28,H1,16.94,17.40,16.54,0.46,-0.86,17.40,0.46
3080C,GARCPA,31,H2,2.81,13.85,13.71,11.03,-0.14,13.85,11.03
2777B,GIRONE,19,H1,33.41,33.98,33.88,0.58,-0.10,33.98,0.58
2832,GIRONE,22,H1,34.23,34.76,34.79,0.52,0.04,34.76,0.52
2927,GIRONE,25,H1,16.10,17.37,17.71,1.27,0.34,17.37,1.27
3318A,GIRONE,40,H2,12.63,13.99,13.91,1.36,-0.08,13.99,1.36
3438A,GIRONE,45,H2,2.73,14.80,14.69,12.07,-0.10,14.80,12.07
2321,GIROPA,1,H1,13.56,13.93,2.11,0.37,-11.82,13.93,0.37
2743A,GIROPA,18,H1,13.71,13.53,14.19,-0.18,0.66,13.71,0.66
2987D,GIROPA,27,H1,2.96,14.99,15.82,12.03,0.83,14.99,12.03
3161A,GIROSU,34,H2,16.67,17.03,16.83,0.36,-0.20,17.03,0.36
2649,GLUTM2,14,H1,65.25,65.24,67.12,-0.01,1.88,65.25,1.88
3271,GLUTM2,38,H1,25.35,25.81,26.87,0.46,1.06,25.81,1.06
3072,GONOGR,31,H2,12.90,13.08,13.46,0.17,0.38,13.08,0.38
3362A,GONYAF,42,H2,14.61,14.42,15.14,-0.19,0.72,14.61,0.72
2859,GORDSI,23,H1,20.68,20.32,20.11,-0.36,-0.21,20.68,-0.21
3556A,GREWBL,50,H2,13.23,14.68,14.59,1.46,-0.09,14.68,1.46
3504B,GREWFI,47,H2,12.84,14.24,14.35,1.40,0.11,14.24,1.40
2325B,GREWMI,1,H1,25.88,26.42,27.78,0.54,1.36,26.42,1.36
2377B,GREWMI,3,H1,14.29,14.84,15.35,0.56,0.51,14.84,0.56
2389B,GREWMI,4,H1,19.06,18.85,18.86,-0.21,0.02,19.06,0.02
3336A,GREWMI,41,H2,19.60,2.03,2.16,-17.56,0.12,19.60,0.12
3372,GREWMI,42,H2,19.60,19.55,19.55,-0.05,0.00,19.60,0.00
3553A,GREWMI,50,H2,18.30,18.41,18.84,0.10,0.43,18.41,0.43
3220,GYMNFO,36,H2,43.56,43.60,43.73,0.05,0.12,43.60,0.12
2648C,GYNOAX,14,H2,31.72,34.03,34.88,2.31,0.85,34.03,2.31
2700,HERIEL,16,H1,16.27,16.18,16.53,-0.09,0.35,16.27,0.35
3368,HERIEL,42,H1,21.95,22.10,22.40,0.15,0.30,22.10,0.30
2354,HERISI,2,H2,2.15,13.72,14.13,11.57,0.41,13.72,11.57
2576,HERISI,11,H1,23.64,23.55,23.65,-0.09,0.10,23.64,0.10
3190,HOMADI,35,H2,55.23,55.47,56.33,0.24,0.86,55.47,0.86
3343B,HOPEBR,41,H2,13.76,15.32,16.52,1.57,1.19,15.32,1.57
2940B,HOPEDR,26,H2,15.13,16.39,17.14,1.26,0.76,16.39,1.26
3071B,HOPEDR,31,H2,15.25,14.83,15.64,-0.42,0.81,15.25,0.81
3347B,HOPEDR,41,H2,2.34,13.36,13.52,11.02,0.16,13.36,11.02
3372A,HOPEDR,42,H2,14.74,15.60,16.16,0.86,0.56,15.60,0.86
3381B,HOPEDR,43,H2,13.49,13.96,15.25,0.47,1.29,13.96,1.29
3538A,HOPEDR,48,H2,30.94,32.78,33.54,1.84,0.76,32.78,1.84
2807A,HOPEME,21,H1,15.24,2.96,2.54,-12.28,-0.41,15.24,-0.41
2807B,HOPEME,21,H1,15.04,2.52,2.29,-12.52,-0.22,15.04,-0.22
2856,HOPEME,22,H1,26.97,27.49,27.97,0.52,0.48,27.49,0.52
2982B,HOPEME,27,H1,14.39,15.65,15.12,1.26,-0.53,15.65,1.26
2987B,HOPEME,27,H2,17.33,18.68,19.17,1.35,0.49,18.68,1.35
3047A,HOPEME,29,H2,13.58,14.39,14.60,0.82,0.21,14.39,0.82
3088A,HOPEME,31,H2,19.57,19.34,19.39,-0.23,0.05,19.57,0.05
3098D,HOPEME,32,H2,16.66,18.00,19.42,1.34,1.42,18.00,1.42
3118A,HOPEME,33,H2,32.24,34.12,35.33,1.87,1.21,34.12,1.87
3356,HOPEME,42,H2,32.29,33.41,34.65,1.12,1.24,33.41,1.24
2343B,HORSCR,2,H2,14.08,14.18,14.65,0.10,0.47,14.18,0.47
3045,HORSPO,29,H1,22.34,22.04,21.88,-0.30,-0.16,22.34,-0.16
2541A,HORSPS,10,H1,14.98,15.71,15.40,0.73,-0.32,15.71,0.73
3195,HORSS2,35,H2,44.45,45.08,45.70,0.63,0.62,45.08,0.63
2541B,HUNTZE,10,H2,14.55,14.44,15.34,-0.11,0.90,14.55,0.90
2559A,INTSPA,10,H1,13.18,13.53,14.36,0.34,0.83,13.53,0.83
2666,INTSPA,15,H1,42.69,42.94,42.83,0.25,-0.11,42.94,0.25
2932,INTSPA,25,H1,26.49,26.50,26.50,0.01,0.00,26.50,0.01
2993,INTSPA,28,H1,47.20,48.06,46.91,0.86,-1.14,48.06,0.86
3552,INTSPA,49,H2,34.17,28.75,28.96,-5.42,0.21,34.17,0.21
2809,IRVIMA,21,H2,63.76,64.50,64.38,0.73,-0.11,64.50,0.73
3068,IRVIMA,30,H1,79.41,83.66,83.02,4.25,-0.64,83.66,4.25
2329,IXONIC,1,H1,42.23,2.33,2.26,-39.90,-0.07,42.23,-0.07
2376,IXONIC,3,H1,40.28,40.52,41.58,0.25,1.06,40.52,1.06
2505A,IXONIC,8,H1,16.92,17.53,19.19,0.61,1.67,17.53,1.67
2572D,IXONIC,11,H1,23.88,24.85,26.50,0.97,1.66,24.85,1.66
2805,IXONIC,21,H1,42.07,42.02,42.32,-0.05,0.31,42.07,0.31
3191,IXONIC,35,H2,33.39,35.86,33.29,2.47,-2.57,35.86,2.47
3244,IXONIC,37,H2,28.36,28.51,28.26,0.15,-0.25,28.51,0.15
3328,IXONIC,40,H2,31.99,32.17,32.85,0.18,0.67,32.17,0.67
3359B,IXONIC,42,H2,2.57,12.63,13.61,10.06,0.98,12.63,10.06
3516A,IXONIC,47,H2,32.25,32.81,35.61,0.56,2.80,32.81,2.80
2591,KIBAAR,11,H2,19.55,19.51,19.69,-0.03,0.17,19.55,0.17
3412,KIBAAR,43,H2,2.19,15.03,15.14,12.84,0.11,15.03,12.84
3080D,KIBAMA,31,H2,2.10,14.05,17.30,11.96,3.25,14.05,11.96
3301A,KNEMCO,39,H2,16.43,17.23,17.62,0.80,0.39,17.23,0.80
3518A,KNEMCU,47,H2,16.01,16.06,15.78,0.05,-0.28,16.06,0.05
2592,KNEMHO,11,H2,15.94,15.54,14.82,-0.40,-0.71,15.94,-0.40
3312,KNEMHO,40,H1,33.22,33.69,33.14,0.47,-0.55,33.69,0.47
2487A,KNEMLA,7,H1,12.80,13.30,13.68,0.50,0.38,13.30,0.50
2610A,KNEMLA,12,H1,2.40,14.21,13.65,11.80,-0.56,14.21,11.80
2720A,KNEMLA,17,H1,14.08,14.33,14.05,0.24,-0.28,14.33,0.24
2980C,KNEMLA,27,H1,14.14,13.35,14.45,-0.79,1.10,14.14,1.10
3068B,KNEMLA,30,H2,12.14,12.35,12.74,0.21,0.39,12.35,0.39
3263C,KNEMLA,38,H2,13.72,14.54,15.22,0.82,0.68,14.54,0.82
2338,KNEMMA,1,H2,27.95,28.86,27.83,0.91,-1.03,28.86,0.91
2556,KNEMMA,10,H1,16.94,16.81,17.45,-0.13,0.63,16.94,0.63
2866,KNEMMA,23,H1,37.88,38.28,38.41,0.39,0.14,38.28,0.39
2867,KNEMMA,23,H1,14.19,14.15,13.21,-0.05,-0.93,14.19,-0.05
2904,KNEMMA,24,H1,19.62,20.75,20.82,1.13,0.07,20.75,1.13
2982A,KNEMPA,27,H2,16.39,15.98,16.51,-0.40,0.53,16.39,0.53
3353A,KNEMPA,42,H2,18.68,19.66,20.04,0.99,0.37,19.66,0.99
2564,KNEMSC,10,H1,24.23,25.07,24.97,0.84,-0.10,25.07,0.84
2830A,KNEMSC,22,H1,14.80,14.34,14.77,-0.46,0.43,14.80,0.43
2844,KNEMSC,22,H1,18.98,19.54,20.37,0.56,0.83,19.54,0.83
2882,KNEMSC,23,H1,18.52,19.44,19.50,0.91,0.06,19.44,0.91
2886A,KNEMSC,23,H1,13.89,13.69,14.02,-0.20,0.33,13.89,0.33
3141,KNEMSC,33,H2,23.72,24.05,23.51,0.33,-0.54,24.05,0.33
3162,KNEMSC,34,H2,25.26,25.31,25.03,0.05,-0.29,25.31,0.05
3567,KNEMSC,50,H2,25.75,25.88,26.54,0.13,0.66,25.88,0.66
2691,KNEMST,16,H2,34.05,34.90,35.72,0.85,0.82,34.90,0.85
2950,KOILLO,26,H1,23.91,23.95,23.75,0.04,-0.20,23.95,0.04
2524A,KOKOOC,9,H2,2.16,14.44,15.01,12.28,0.57,14.44,12.28
2324,KOOMMA,1,H1,101.98,101.28,102.02,-0.70,0.74,101.98,0.74
2515,KOOMMA,8,H1,66.38,65.70,68.18,-0.67,2.48,66.38,2.48
3010,KOOMMA,28,H1,119.00,119.10,121.28,0.11,2.17,119.10,2.17
3359,KOOMMA,42,H2,70.62,70.58,71.66,-0.04,1.08,70.62,1.08
2795,LANSDO,20,H1,15.05,14.74,14.92,-0.31,0.18,15.05,0.18
2949,LANSDO,26,H1,54.10,54.80,57.05,0.70,2.25,54.80,2.25
3024,LANSDO,29,H2,30.91,31.46,30.85,0.55,-0.61,31.46,0.55
3050,LANSDO,29,H2,19.88,19.87,19.22,0.00,-0.65,19.88,0.00
3164B,LANSDO,34,H2,15.51,15.87,14.41,0.36,-1.46,15.87,0.36
3202A,LANSDO,36,H2,20.85,21.46,22.46,0.61,1.00,21.46,1.00
3466,LANSDO,46,H2,23.75,23.15,2.54,-0.61,-20.61,23.75,-0.61
2598,LEPISE,12,H1,23.25,23.69,24.40,0.44,0.70,23.69,0.70
2971,LEPISE,27,H1,31.12,31.98,33.09,0.86,1.11,31.98,1.11
3014,LEPISE,28,H2,16.18,2.11,2.62,-14.06,0.50,16.18,0.50
3465A,LEPISE,46,H2,15.36,15.88,15.10,0.52,-0.78,15.88,0.52
3130A,LITHCO,33,H2,35.19,2.06,2.58,-33.13,0.52,35.19,0.52
2643,LITHCU,14,H1,19.73,20.27,2.80,0.54,-17.47,20.27,0.54
2648B,LITHCU,14,H1,15.67,15.38,17.08,-0.29,1.70,15.67,1.70
3184A,LITHCU,35,H2,60.79,62.50,63.47,1.71,0.97,62.50,1.71
2391B,LITHEW,4,H2,14.30,14.08,14.67,-0.22,0.59,14.30,0.59
2407,LITHEW,4,H1,22.68,23.63,23.83,0.96,0.20,23.63,0.96
2771A,LITHEW,19,H1,2.92,12.65,12.91,9.73,0.26,12.65,9.73
2677C,LITHRA,15,H2,29.54,31.90,33.29,2.37,1.38,31.90,2.37
3536,LITHRA,48,H2,32.21,33.56,35.07,1.35,1.51,33.56,1.51
3347A,LITHSU,41,H2,2.22,12.99,13.99,10.77,1.00,12.99,10.77
3002A,LITHWA,28,H1,33.04,34.43,35.68,1.39,1.26,34.43,1.39
3093A,LITHWA,32,H2,19.36,2.40,2.91,-16.96,0.50,19.36,0.50
2906A,LITSFI,24,H2,16.36,16.67,14.85,0.31,-1.83,16.67,0.31
2528A,LITSM2,9,H1,17.42,17.10,16.87,-0.32,-0.23,17.42,-0.23
2443A,MACACO,6,H1,2.47,13.09,13.03,10.62,-0.06,13.09,10.62
2778A,MACACO,20,H1,15.94,17.46,19.12,1.52,1.66,17.46,1.66
2788B,MACACO,20,H1,13.69,15.57,18.59,1.89,3.01,15.57,3.01
3249D,MACAHO,37,H1,24.07,24.11,24.89,0.04,0.77,24.11,0.77
2441B,MACAHY,6,H2,13.61,13.62,14.62,0.01,1.00,13.62,1.00
2445A,MACAHY,6,H1,16.40,18.24,19.31,1.84,1.07,18.24,1.84
2325C,MACALO,1,H1,14.09,14.07,2.53,-0.03,-11.54,14.09,-0.03
2332A,MACALO,1,H1,14.72,14.60,14.45,-0.12,-0.16,14.72,-0.12
2382A,MACALO,3,H1,2.63,13.56,14.18,10.93,0.62,13.56,10.93
2395D,MACALO,4,H1,13.15,13.13,13.36,-0.02,0.23,13.15,0.23
2423A,MACALO,5,H1,16.38,16.40,17.65,0.03,1.25,16.40,1.25
2465B,MACALO,6,H1,14.58,14.84,14.53,0.26,-0.31,14.84,0.26
2566,MACALO,11,H1,18.12,18.00,18.42,-0.12,0.42,18.12,0.42
2614A,MACALO,12,H1,2.53,13.26,13.48,10.73,0.21,13.26,10.73
2736A,MACALO,18,H1,13.87,13.66,13.62,-0.21,-0.04,13.87,-0.04
3052B,MACALO,30,H2,2.35,12.66,13.06,10.32,0.40,12.66,10.32
3068A,MACALO,30,H2,12.82,13.86,13.91,1.03,0.05,13.86,1.03
3113B,MACALO,32,H2,13.75,13.69,13.43,-0.07,-0.26,13.75,-0.07
2662B,MACATR,15,H2,2.78,14.32,14.43,11.55,0.11,14.32,11.55
2803B,MADHCU,20,H1,13.53,13.03,13.58,-0.50,0.55,13.53,0.55
2587,MADHL1,11,H1,15.21,16.42,16.33,1.22,-0.09,16.42,1.22
3168,MADHL1,34,H1,43.35,44.26,45.63,0.91,1.37,44.26,1.37
2578,MALLPE,11,H2,26.64,26.17,26.23,-0.47,0.06,26.64,0.06
2836,MALLPE,22,H1,17.83,17.45,18.05,-0.37,0.59,17.83,0.59
3024A,MALLPE,29,H2,13.81,13.90,2.90,0.08,-11.00,13.90,0.08
3534,MANGFO,48,H2,79.55,84.51,84.81,4.95,0.30,84.51,4.95
2725,MANGG2,17,H1,45.90,47.47,47.99,1.56,0.52,47.47,1.56
2343,MANGQU,2,H1,13.26,13.96,13.13,0.70,-0.83,13.96,0.70
2369,MANGQU,3,H1,18.02,19.43,19.32,1.41,-0.11,19.43,1.41
2531,MANGQU,9,H1,36.02,36.23,37.14,0.22,0.91,36.23,0.91
2657,MANGQU,14,H1,17.94,18.11,17.57,0.16,-0.54,18.11,0.16
2669,MANGQU,15,H1,62.63,65.79,67.47,3.16,1.67,65.79,3.16
2778,MANGQU,20,H1,14.04,14.25,14.03,0.22,-0.22,14.25,0.22
2831,MANGQU,22,H1,17.21,17.62,17.69,0.41,0.07,17.62,0.41
3074C,MANGQU,31,H1,2.09,14.92,14.53,12.83,-0.39,14.92,12.83
3082B,MANGQU,31,H2,2.34,15.28,15.33,12.95,0.04,15.28,12.95
2754B,MEL1AN,19,H2,13.33,13.23,12.97,-0.10,-0.26,13.33,-0.10
2859A,MEL1AN,23,H1,13.25,13.19,13.23,-0.06,0.04,13.25,0.04
2614,MEL1AU,12,H1,30.72,31.68,30.75,0.97,-0.93,31.68,0.97
2874,MEL1FU,23,H1,20.46,21.02,20.64,0.56,-0.38,21.02,0.56
3203A,MEL1FU,36,H1,18.07,18.35,2.65,0.28,-15.71,18.35,0.28
3250,MEL1FU,37,H2,21.93,21.72,22.22,-0.21,0.50,21.93,0.50
3512B,MEL1TO,47,H2,12.44,13.67,13.66,1.23,0.00,13.67,1.23
2911A,MEMEAM,25,H1,2.10,14.96,15.65,12.85,0.70,14.96,12.85
2962B,MEMEAM,26,H1,2.26,12.97,13.28,10.71,0.31,12.97,10.71
3113,MEMEAM,32,H2,14.34,14.56,15.29,0.22,0.73,14.56,0.73
3123,MEMEAM,33,H2,18.07,17.22,18.13,-0.85,0.91,18.07,0.91
3126A,MEMEAM,33,H2,14.68,16.23,16.84,1.55,0.61,16.23,1.55
2805D,MEMEEX,21,H2,13.35,13.61,13.95,0.26,0.34,13.61,0.34
2873A,MEMEMI,23,H1,14.45,14.78,13.79,0.33,-0.99,14.78,0.33
2943,MEMEMI,26,H2,23.16,24.16,24.83,1.01,0.67,24.16,1.01
2980B,MEMEMI,27,H2,15.83,15.90,15.90,0.07,0.00,15.90,0.07
3080B,MEMEMI,31,H2,2.98,13.79,13.42,10.81,-0.38,13.79,10.81
2682A,MEMEO1,16,H2,17.39,16.78,18.06,-0.61,1.29,17.39,1.29
3057,MEMEO2,30,H2,30.54,32.33,32.89,1.79,0.56,32.33,1.79
3539,MEMEO2,48,H2,33.66,34.60,34.68,0.94,0.07,34.60,0.94
3071A,MEMEPU,31,H2,14.04,14.77,14.69,0.74,-0.09,14.77,0.74
2662A,MESUFE,15,H1,16.98,16.44,17.27,-0.54,0.82,16.98,0.82
2686,MESUFE,16,H1,39.06,38.76,39.62,-0.29,0.85,39.06,0.85
2776,MESUFE,19,H1,20.92,20.61,20.66,-0.31,0.05,20.92,0.05
2864,MESUFE,23,H1,25.97,25.88,25.93,-0.09,0.05,25.97,0.05
3053,MESUFE,30,H2,26.67,26.19,27.04,-0.47,0.85,26.67,0.85
3093B,MESUFE,32,H2,16.34,2.53,2.44,-13.81,-0.09,16.34,-0.09
3126C,MESUFE,33,H2,13.31,13.68,14.34,0.36,0.67,13.68,0.67
3294,MESUFE,39,H2,22.29,22.62,23.91,0.34,1.29,22.62,1.29
3341B,MESUFE,41,H2,13.95,14.55,15.45,0.60,0.91,14.55,0.91
2552,MESUGR,10,H2,41.31,40.92,41.62,-0.40,0.71,41.31,0.71
2688,MESURA,16,H1,28.02,28.49,27.52,0.46,-0.97,28.49,0.46
2780,MESURA,20,H1,19.24,19.86,19.68,0.62,-0.18,19.86,0.62
2795B,MESURA,20,H1,14.81,14.97,2.08,0.16,-12.89,14.97,0.16
2803A,MESURA,20,H1,14.86,15.42,16.37,0.56,0.95,15.42,0.95
2895,MESURA,24,H1,21.61,22.79,23.91,1.18,1.13,22.79,1.18
3266B,MESURA,38,H2,15.17,15.29,15.78,0.12,0.49,15.29,0.49
3561E,MESURA,50,H2,2.72,13.59,14.18,10.86,0.59,13.59,10.86
3564,MESURA,50,H2,28.63,29.51,30.13,0.88,0.62,29.51,0.88
2943A,MEZZLE,26,H2,17.10,16.95,16.59,-0.16,-0.36,17.10,-0.16
3386A,MEZZLE,43,H2,15.27,14.87,16.01,-0.40,1.14,15.27,1.14
2870A,MIC1CA,23,H2,13.39,12.44,13.47,-0.94,1.03,13.39,1.03
2715,MILLAT,17,H1,16.41,16.13,16.30,-0.28,0.18,16.41,0.18
2719,MILLAT,17,H1,14.04,14.96,14.70,0.91,-0.26,14.96,0.91
3120,MILLAT,33,H1,20.99,22.29,22.14,1.31,-0.16,22.29,1.31
3121A,MILLAT,33,H2,17.14,17.68,17.45,0.53,-0.23,17.68,0.53
3130C,MILLAT,33,H2,17.97,18.86,20.73,0.89,1.87,18.86,1.87
3281C,MILLAT,38,H2,22.52,22.25,23.18,-0.27,0.93,22.52,0.93
3283A,MILLAT,39,H2,19.39,20.36,21.86,0.97,1.50,20.36,1.50
3378,MILLAT,42,H2,27.55,28.75,29.32,1.20,0.57,28.75,1.20
3504C,MILLAT,47,H2,13.42,13.39,13.31,-0.03,-0.07,13.42,-0.03
2667A,MONOMA,15,H1,18.02,20.44,22.09,2.42,1.65,20.44,2.42
2683A,MONOMA,16,H1,15.96,15.37,16.53,-0.58,1.16,15.96,1.16
2712,MONOMA,17,H1,21.83,21.92,22.08,0.10,0.16,21.92,0.16
2743,MONOMA,18,H1,36.25,36.21,37.03,-0.04,0.82,36.25,0.82
2827,MONOMA,21,H1,33.30,33.15,35.14,-0.15,2.00,33.30,2.00
2833,MONOMA,22,H1,38.17,39.06,40.15,0.88,1.09,39.06,1.09
2871A,MONOMA,23,H1,2.38,13.24,14.26,10.86,1.02,13.24,10.86
2871C,MONOMA,23,H1,2.86,13.45,14.27,10.59,0.82,13.45,10.59
2891A,MONOMA,24,H1,30.51,31.71,32.80,1.20,1.09,31.71,1.20
2939,MONOMA,25,H1,45.77,2.05,2.12,-43.72,0.08,45.77,0.08
2957A,MONOMA,26,H1,32.96,35.06,35.80,2.10,0.74,35.06,2.10
2962A,MONOMA,26,H2,27.07,29.73,30.26,2.66,0.53,29.73,2.66
2990,MONOMA,28,H2,20.36,20.22,22.31,-0.14,2.09,20.36,2.09
3052A,MONOMA,30,H2,16.06,16.94,17.38,0.88,0.45,16.94,0.88
3164C,MONOMA,34,H2,16.18,19.33,17.59,3.14,-1.73,19.33,3.14
3179,MONOMA,35,H2,25.20,25.13,25.45,-0.07,0.32,25.20,0.32
3206A,MONOMA,36,H2,21.62,21.92,21.46,0.30,-0.45,21.92,0.30
3271A,MONOMA,38,H2,14.62,26.43,27.37,11.82,0.94,26.43,11.82
3299A,MONOMA,39,H2,17.78,17.73,18.93,-0.06,1.20,17.78,1.20
3317B,MONOMA,40,H2,2.58,12.88,12.85,10.31,-0.03,12.88,10.31
3343A,MONOMA,41,H2,17.11,18.04,18.53,0.93,0.49,18.04,0.93
3347,MONOMA,41,H2,27.55,29.38,28.55,1.83,-0.84,29.38,1.83
3406,MONOMA,43,H2,30.45,30.36,30.70,-0.09,0.34,30.45,0.34
3430A,MONOMA,44,H2,27.46,28.11,30.36,0.65,2.25,28.11,2.25
3544,MONOMA,49,H2,34.32,34.30,34.88,-0.02,0.59,34.32,0.59
3546,MONOMA,49,H2,46.02,48.06,48.37,2.04,0.31,48.06,2.04
3552A,MONOMA,49,H2,27.56,35.45,35.33,7.88,-0.12,35.45,7.88
2375A,MYRICI,3,H2,13.24,13.67,13.55,0.43,-0.12,13.67,0.43
3380B,MYRICI,42,H1,2.41,14.19,15.07,11.79,0.87,14.19,11.79
3362,MYRIM1,42,H1,18.36,18.18,18.85,-0.19,0.68,18.36,0.68
3465,MYRIM2,46,H2,64.26,63.78,64.70,-0.48,0.92,64.26,0.92
2648E,MYRIM3,14,H2,13.69,2.27,14.32,-11.43,12.06,13.69,12.06
2324A,NAUCOF,1,H1,13.37,13.50,14.38,0.13,0.88,13.50,0.88
2504,NAUCOF,8,H1,24.81,24.45,25.56,-0.36,1.11,24.81,1.11
2802,NAUCOF,20,H1,34.46,33.87,34.94,-0.60,1.07,34.46,1.07
2907,NAUCOF,24,H1,14.02,14.12,14.98,0.10,0.86,14.12,0.86
2381,NEOBHE,3,H1,21.59,2.84,2.80,-18.75,-0.03,21.59,-0.03
2454B,NEOBHE,6,H1,16.64,18.44,19.86,1.81,1.42,18.44,1.81
2456,NEOBHE,6,H1,43.77,55.12,56.24,11.35,1.12,55.12,11.35
2777A,NEOBHE,19,H1,25.21,26.53,27.29,1.32,0.75,26.53,1.32
3105A,NEOBHE,32,H2,14.51,15.00,16.33,0.49,1.33,15.00,1.33
3182D,NEOBHE,35,H2,14.75,15.61,15.61,0.86,0.00,15.61,0.86
3262B,NEOBHE,38,H2,13.81,14.75,15.15,0.94,0.40,14.75,0.94
3431,NEOBHE,44,H2,20.56,20.73,21.37,0.16,0.65,20.73,0.65
2541,NEOSKI,10,H1,34.74,35.48,35.26,0.75,-0.22,35.48,0.75
2569C,NEOSKI,11,H1,2.55,14.44,14.45,11.89,0.01,14.44,11.89
2676A,NEOSKI,15,H1,13.64,13.80,13.49,0.16,-0.31,13.80,0.16
2884,NEOSKI,23,H1,38.34,38.60,39.10,0.26,0.50,38.60,0.50
3072B,NEOSKI,31,H1,16.56,16.30,17.09,-0.25,0.78,16.56,0.78
2498A,NEPHCO,7,H1,20.78,21.94,22.08,1.16,0.14,21.94,1.16
2728A,NEPHCO,17,H1,14.29,14.34,14.26,0.05,-0.07,14.34,0.05
3365,NEPHCO,42,H2,36.57,37.17,34.66,0.60,-2.51,37.17,0.60
2507B,NEPHER,8,H2,16.03,15.16,15.87,-0.87,0.71,16.03,0.71
3000,NEPHER,28,H2,20.85,21.66,20.78,0.81,-0.88,21.66,0.81
3047,NEPHER,29,H2,30.44,30.09,30.51,-0.35,0.42,30.44,0.42
3561A,NEPHMA,50,H2,23.86,24.45,24.46,0.59,0.00,24.45,0.59
2350A,NEPHOP,2,H2,2.97,13.19,14.70,10.22,1.51,13.19,10.22
3074,NEPHOP,31,H1,37.52,38.39,39.19,0.87,0.80,38.39,0.87
2657B,NOTHUM,14,H2,14.61,15.14,15.44,0.53,0.31,15.14,0.53
2377,OCHAAM,3,H1,20.78,20.77,20.58,0.00,-0.19,20.78,0.00
2387,OCHAAM,4,H1,15.95,16.76,2.46,0.81,-14.30,16.76,0.81
2423,OCHAAM,5,H1,22.11,21.54,21.83,-0.57,0.29,22.11,0.29
2423C,OCHAAM,5,H1,2.75,13.14,12.48,10.38,-0.66,13.14,10.38
2690,OCHAAM,16,H1,2.71,17.28,17.78,14.57,0.50,17.28,14.57
2950A,OCHAAM,26,H1,14.07,14.20,14.07,0.13,-0.13,14.20,0.13
2967B,OCHAAM,27,H2,17.70,17.38,17.91,-0.32,0.53,17.70,0.53
3060A,OCHAAM,30,H2,18.62,19.60,19.78,0.97,0.19,19.60,0.97
3246B,OCHAAM,37,H2,17.27,18.05,18.16,0.78,0.11,18.05,0.78
3274A,OCHAAM,38,H2,15.55,16.51,16.96,0.96,0.45,16.51,0.96
3281D,OCHAAM,38,H2,16.17,16.65,17.35,0.48,0.70,16.65,0.70
3364,OCHAAM,42,H2,16.33,16.39,15.59,0.06,-0.80,16.39,0.06
3386,OCHAAM,43,H2,29.38,29.35,29.61,-0.03,0.26,29.38,0.26
3392,OCHAAM,43,H2,27.29,27.65,27.19,0.36,-0.46,27.65,0.36
3561C,OCHAAM,50,H2,21.61,23.08,22.86,1.48,-0.22,23.08,1.48
3566,OCHAAM,50,H2,34.35,35.40,35.18,1.05,-0.22,35.40,1.05
2650,ORMOPE,14,H2,67.98,69.45,71.34,1.48,1.89,69.45,1.89
3043,PALAH2,29,H1,30.48,30.03,29.73,-0.44,-0.30,30.48,-0.30
3415,PALAH2,44,H2,47.66,47.52,48.65,-0.13,1.12,47.66,1.12
3246A,PALAMA,37,H2,18.33,19.22,19.72,0.89,0.51,19.22,0.89
3344,PALAMA,41,H2,39.33,39.36,2.35,0.04,-37.01,39.36,0.04
3380,PALAMA,42,H2,30.12,30.94,32.35,0.82,1.41,30.94,1.41
3417A,PALAMA,44,H2,21.59,21.91,22.65,0.32,0.74,21.91,0.74
2453,PAR1OB,6,H2,28.09,28.41,28.97,0.32,0.56,28.41,0.56
2646,PAR1OB,14,H1,24.90,24.30,2.89,-0.60,-21.41,24.90,-0.60
2430B,PARKSP,5,H1,2.06,15.01,15.02,12.94,0.02,15.01,12.94
3511,PARKSP,47,H2,30.90,30.80,2.94,-0.11,-27.85,30.90,-0.11
2653,PAROVA,14,H1,23.45,24.00,23.45,0.55,-0.55,24.00,0.55
2749B,PAROVA,18,H1,14.11,14.99,14.67,0.88,-0.32,14.99,0.88
2751,PAROVA,18,H1,16.48,17.19,17.13,0.71,-0.06,17.19,0.71
3189,PAROVA,35,H1,27.69,27.94,28.23,0.25,0.29,27.94,0.29
3284,PAROVA,39,H2,26.62,26.86,26.54,0.24,-0.33,26.86,0.24
3415A,PAROVA,44,H2,27.20,27.52,28.35,0.32,0.83,27.52,0.83
2378B,PAYELU,3,H1,15.36,15.33,15.99,-0.04,0.67,15.36,0.67
2521B,PAYELU,9,H1,21.55,21.18,2.93,-0.37,-18.26,21.55,-0.37
2575B,PAYELU,11,H1,14.45,15.82,16.34,1.37,0.52,15.82,1.37
2749A,PAYELU,18,H1,15.02,14.42,14.91,-0.59,0.49,15.02,0.49
2817A,PAYELU,21,H1,2.48,12.45,2.63,9.97,-9.83,12.45,9.97
2882A,PAYELU,23,H1,15.92,17.14,17.28,1.22,0.14,17.14,1.22
2886,PAYELU,23,H1,21.46,22.78,23.34,1.32,0.57,22.78,1.32
3260,PAYELU,33,H1,19.78,20.01,19.96,0.23,-0.05,20.01,0.23
3277B,PAYELU,38,H2,12.52,13.44,12.86,0.92,-0.58,13.44,0.92
2682D,PELLSA,16,H1,18.54,18.80,19.01,0.26,0.21,18.80,0.26
2590,PEN1MO,11,H1,68.86,69.74,69.75,0.89,0.01,69.74,0.89
3164,PEN1MO,34,H2,42.31,40.76,42.77,-1.55,2.02,42.31,2.02
3432B,PEN1MO,44,H2,2.85,12.66,13.90,9.81,1.24,12.66,9.81
3535A,PEN1MO,48,H2,18.92,2.81,2.07,-16.11,-0.74,18.92,-0.74
3551C,PEN1MO,49,H2,16.72,15.91,16.23,-0.81,0.32,16.72,0.32
2987C,PEN2ST,27,H2,20.67,20.42,20.84,-0.25,0.42,20.67,0.42
3153A,PERKSP,34,H2,2.38,14.33,2.94,11.95,-11.39,14.33,11.95
2361A,PIMEGR,2,H2,2.62,17.35,17.43,14.73,0.09,17.35,14.73
2504C,PIMEGR,8,H1,27.53,27.44,28.21,-0.09,0.77,27.53,0.77
2593A,PIMEGR,11,H1,25.55,26.42,27.12,0.87,0.71,26.42,0.87
2649B,PIMEGR,14,H1,15.99,15.89,15.98,-0.10,0.09,15.99,0.09
2814A,PIMEGR,21,H1,26.57,27.32,28.21,0.74,0.89,27.32,0.89
2875B,PIMEGR,23,H1,21.88,22.27,22.10,0.38,-0.17,22.27,0.38
3002C,PIMEGR,28,H2,16.10,16.69,16.83,0.59,0.14,16.69,0.59
3262C,PIMEGR,38,H2,13.42,12.96,14.29,-0.46,1.33,13.42,1.33
3296D,PIMEGR,39,H2,17.83,18.56,19.23,0.73,0.66,18.56,0.73
3413A,PIMEGR,43,H2,2.53,23.03,23.87,20.50,0.84,23.03,20.50
3516B,PIMEGR,47,H2,12.50,13.30,12.59,0.80,-0.71,13.30,0.80
3518C,PIMEGR,47,H2,16.04,16.62,17.59,0.57,0.98,16.62,0.98
3531,PIMEGR,48,H2,26.07,26.47,26.55,0.39,0.09,26.47,0.39
3534A,PIMEGR,48,H2,23.72,24.45,23.64,0.73,-0.81,24.45,0.73
2666B,PIMELO,15,H2,16.28,16.23,16.27,-0.04,0.04,16.28,0.04
2961A,POL1GL,26,H1,30.76,30.97,33.21,0.21,2.24,30.97,2.24
2657D,POL1HY,14,H1,27.75,28.37,28.89,0.62,0.52,28.37,0.62
2834A,POL1HY,22,H1,15.14,15.89,16.66,0.75,0.77,15.89,0.77
3551,POL1HY,49,H2,2.31,15.61,16.85,13.30,1.24,15.61,13.30
2432,POL1JE,5,H2,20.47,20.95,21.90,0.47,0.95,20.95,0.95
2768A,POL1JE,19,H1,17.06,17.82,16.04,0.76,-1.78,17.82,0.76
2742A,POL1RU,18,H1,12.24,12.66,13.12,0.42,0.46,12.66,0.46
2919,POL1RU,25,H1,21.48,21.33,21.81,-0.15,0.48,21.48,0.48
3093,POL1SC,32,H1,33.60,2.53,2.02,-31.07,-0.51,33.60,-0.51
3250A,POL1SC,37,H2,23.68,24.79,24.88,1.11,0.10,24.79,1.11
3499,POL1SC,47,H2,24.13,2.74,2.74,-21.39,0.00,24.13,0.00
3169A,POL1SU,34,H1,16.86,17.29,17.37,0.43,0.08,17.29,0.43
3416B,POL1SU,44,H2,16.70,15.89,16.25,-0.81,0.36,16.70,0.36
2361,POMEPA,2,H2,49.97,49.20,51.61,-0.77,2.41,49.97,2.41
2384,POMEPA,4,H1,14.84,15.65,15.39,0.80,-0.25,15.65,0.80
2559,POMEPA,10,H1,52.24,53.70,54.64,1.46,0.94,53.70,1.46
2637,POMEPA,13,H1,54.65,55.22,55.67,0.57,0.45,55.22,0.57
3244A,POMEPA,37,H1,13.81,13.98,13.22,0.17,-0.76,13.98,0.17
3390,POMEPA,43,H2,16.65,16.10,15.98,-0.56,-0.12,16.65,-0.12
2781,POPOTC,20,H2,17.73,18.31,18.23,0.58,-0.08,18.31,0.58
2331A,PORTAN,1,H2,15.52,15.48,15.26,-0.04,-0.22,15.52,-0.04
2379A,PORTAN,3,H1,23.55,24.79,24.91,1.24,0.12,24.79,1.24
2657A,PORTAN,14,H1,17.08,17.50,17.01,0.42,-0.49,17.50,0.42
2774B,PORTAN,19,H1,19.12,21.86,21.97,2.74,0.11,21.86,2.74
2881B,PORTAN,23,H1,14.08,14.77,14.19,0.69,-0.57,14.77,0.69
2940A,PORTAN,26,H1,23.41,24.64,25.42,1.22,0.78,24.64,1.22
3072C,PORTAN,31,H2,15.65,16.20,16.19,0.55,-0.01,16.20,0.55
3246C,PORTAN,37,H2,18.67,18.41,19.03,-0.26,0.62,18.67,0.62
3296A,PORTAN,39,H2,21.89,18.58,19.43,-3.31,0.85,21.89,0.85
3420A,PORTAN,44,H2,15.14,15.03,14.51,-0.11,-0.52,15.14,-0.11
3546A,PORTAN,49,H2,18.72,18.20,18.02,-0.52,-0.18,18.72,-0.18
2569A,PSYD10,11,H2,14.48,14.09,14.36,-0.39,0.26,14.48,0.26
2570C,PTEIEC,11,H1,15.00,15.33,15.87,0.33,0.54,15.33,0.54
2830,PTEREC,22,H1,35.48,6.09,36.09,-29.39,30.00,35.48,30.00
2869,PTEREC,23,H1,18.67,18.95,19.67,0.27,0.72,18.95,0.72
3396,PTEREC,43,H2,27.54,28.32,28.11,0.78,-0.21,28.32,0.78
3540,PTEREC,49,H2,27.53,28.23,28.20,0.69,-0.03,28.23,0.69
2336,PTYCCO,1,H2,16.15,15.68,15.76,-0.47,0.08,16.15,0.08
2635,PTYCCO,13,H1,15.00,15.05,15.03,0.05,-0.02,15.05,0.05
2943B,PTYCCO,26,H1,12.85,13.79,12.98,0.94,-0.81,13.79,0.94
3094,PTYCCO,32,H2,28.48,31.54,34.02,3.06,2.48,31.54,3.06
3109,PTYCCO,32,H2,16.36,16.84,16.08,0.49,-0.76,16.84,0.49
3335,PTYCCO,41,H2,16.98,17.19,16.76,0.21,-0.43,17.19,0.21
3516,PTYCCO,47,H2,19.81,19.18,19.36,-0.63,0.18,19.81,0.18
2604B,PYREAC,12,H2,18.95,19.04,19.59,0.09,0.55,19.04,0.55
2814B,PYSOGR,21,H1,18.16,18.42,19.77,0.26,1.36,18.42,1.36
2426A,QUERAR,5,H1,16.39,16.93,16.91,0.54,-0.02,16.93,0.54
2547,QUERAR,10,H1,71.34,9.50,72.26,-61.84,62.76,71.34,62.76
2939A,QUERAR,25,H1,35.95,37.19,38.43,1.24,1.24,37.19,1.24
3113C,QUERAR,32,H2,14.69,16.48,17.30,1.79,0.82,16.48,1.79
2431,RYPAAC,5,H2,34.70,34.70,34.42,0.00,-0.29,34.70,0.00
2594,RYPAAC,12,H1,19.00,19.42,19.58,0.42,0.16,19.42,0.42
2616,RYPAAC,12,H1,15.71,15.85,15.09,0.14,-0.76,15.85,0.14
3526,RYPAAC,48,H1,15.70,2.55,2.13,-13.15,-0.41,15.70,-0.41
2378A,RYPAKU,3,H1,17.61,18.69,18.34,1.08,-0.35,18.69,1.08
2525,RYPAKU,9,H1,20.04,20.02,20.16,-0.02,0.14,20.04,0.14
2649A,RYPAKU,14,H1,18.05,18.81,18.51,0.76,-0.30,18.81,0.76
3003A,RYPAKU,28,H2,14.12,14.93,14.94,0.81,0.00,14.93,0.81
3006,RYPAKU,28,H2,22.62,22.93,22.78,0.31,-0.15,22.93,0.31
3079A,RYPAKU,31,H2,15.77,14.25,14.48,-1.52,0.24,15.77,0.24
3152,RYPAKU,34,H2,22.86,2.99,2.87,-19.87,-0.12,22.86,-0.12
3242C,RYPAKU,37,H2,17.26,17.89,17.41,0.63,-0.48,17.89,0.63
3272,RYPAKU,38,H2,17.66,18.73,18.08,1.07,-0.65,18.73,1.07
3317,RYPAKU,40,H2,26.66,26.95,27.59,0.29,0.64,26.95,0.64
3389,RYPAKU,43,H2,22.27,22.71,22.68,0.43,-0.03,22.71,0.43
3460B,RYPAKU,46,H2,17.52,19.19,22.46,1.67,3.27,19.19,3.27
2612,SANDKO,12,H1,24.94,25.34,25.81,0.41,0.47,25.34,0.47
2648A,SANDKO,14,H1,20.16,3.72,19.71,-16.44,15.99,20.16,15.99
2881,SANDKO,23,H1,32.63,32.52,33.50,-0.11,0.97,32.63,0.97
3150B,SANDKO,34,H1,16.03,16.12,16.15,0.09,0.03,16.12,0.09
3193,SANDKO,35,H2,20.42,21.67,21.64,1.25,-0.03,21.67,1.25
3521C,SANDKO,47,H2,13.05,13.48,14.16,0.43,0.68,13.48,0.68
2343A,SANTAP,2,H2,13.79,15.17,15.46,1.37,0.29,15.17,1.37
2634,SANTAP,13,H1,22.48,22.52,21.89,0.03,-0.62,22.52,0.03
3281A,SANTAP,38,H1,12.57,13.28,13.36,0.72,0.08,13.28,0.72
2362B,SANTLA,2,H2,13.11,13.78,12.81,0.67,-0.96,13.78,0.67
2465,SANTLA,6,H1,20.13,20.24,20.84,0.11,0.60,20.24,0.60
2467,SANTLA,6,H1,39.98,41.15,43.14,1.17,1.99,41.15,1.99
2469,SANTLA,6,H1,27.88,29.72,31.28,1.84,1.57,29.72,1.84
2498B,SANTLA,7,H1,17.89,20.12,22.58,2.23,2.46,20.12,2.46
2500B,SANTLA,8,H1,14.84,13.76,13.81,-1.08,0.06,14.84,0.06
2532D,SANTLA,9,H1,15.65,15.68,14.97,0.03,-0.71,15.68,0.03
2546,SANTLA,10,H1,19.16,19.17,18.90,0.01,-0.27,19.17,0.01
2554A,SANTLA,10,H1,14.83,15.22,15.94,0.39,0.72,15.22,0.72
2683B,SANTLA,16,H1,15.04,15.42,15.10,0.39,-0.33,15.42,0.39
2800A,SANTLA,20,H1,47.14,49.27,51.40,2.12,2.14,49.27,2.14
2819,SANTLA,21,H1,20.27,21.46,22.17,1.19,0.71,21.46,1.19
3126B,SANTLA,33,H1,18.09,18.69,19.78,0.60,1.09,18.69,1.09
3299,SANTLA,39,H2,77.81,78.52,79.08,0.71,0.56,78.52,0.71
3363,SANTLA,42,H2,15.10,15.71,15.73,0.61,0.02,15.71,0.61
3249C,SANTRU,37,H2,18.86,20.46,21.07,1.60,0.62,20.46,1.60
3097,SANTTO,32,H2,34.94,2.13,2.46,-32.81,0.33,34.94,0.33
3152A,SANTTO,34,H2,2.11,22.55,23.99,20.44,1.44,22.55,20.44
3259,SANTTO,38,H2,25.90,26.28,25.79,0.38,-0.49,26.28,0.38
3262,SANTTO,38,H2,21.73,2.24,2.70,-19.49,0.46,21.73,0.46
3400,SANTTO,43,H2,44.09,44.26,45.14,0.17,0.88,44.26,0.88
3420,SANTTO,44,H2,40.93,41.28,40.29,0.35,-0.99,41.28,0.35
2643B,SAPIBA,14,H2,21.45,24.09,25.50,2.63,1.41,24.09,2.63
2378,SAR1GR,3,H2,114.54,114.52,114.58,-0.03,0.06,114.54,0.06
2978,SAR1GR,27,H1,76.49,75.93,76.85,-0.56,0.92,76.49,0.92
3022,SAR1GR,29,H2,48.50,49.02,48.24,0.52,-0.78,49.02,0.52
3138,SAR1GR,33,H2,44.50,44.20,44.40,-0.30,0.20,44.50,0.20
3192,SAR1GR,35,H2,38.52,39.58,40.46,1.06,0.88,39.58,1.06
3246,SAR1GR,37,H2,97.75,97.84,99.50,0.09,1.66,97.84,1.66
3521B,SAR1GR,47,H2,25.63,26.68,27.87,1.05,1.19,26.68,1.19
3210,SARADE,36,H2,42.07,2.90,2.11,-39.17,-0.79,42.07,-0.79
3210A,SARADE,36,H2,12.97,13.45,2.41,0.48,-11.04,13.45,0.48
3211,SARADE,36,H2,31.92,31.99,30.96,0.07,-1.03,31.99,0.07
3214,SARADE,36,H2,33.88,33.81,32.40,-0.07,-1.41,33.88,-0.07
3216,SARADE,36,H2,33.70,34.69,34.83,0.98,0.15,34.69,0.98
3217,SARADE,36,H2,34.60,31.27,31.23,-3.33,-0.03,34.60,-0.03
3224,SARADE,36,H2,32.37,33.44,33.87,1.07,0.43,33.44,1.07
3224A,SARADE,36,H2,14.09,13.33,13.77,-0.76,0.44,14.09,0.44
3226,SARADE,36,H2,17.72,18.09,18.65,0.37,0.56,18.09,0.56
3230,SARADE,36,H2,24.56,24.40,25.36,-0.16,0.96,24.56,0.96
3438,SARADE,45,H2,18.02,18.16,18.07,0.14,-0.09,18.16,0.14
3439A,SARADE,45,H2,26.71,26.73,26.78,0.02,0.06,26.73,0.06
3441,SARADE,45,H2,28.05,28.09,29.42,0.04,1.34,28.09,1.34
3442,SARADE,45,H2,20.36,21.86,19.75,1.50,-2.11,21.86,1.50
3443,SARADE,45,H2,21.04,21.76,22.50,0.71,0.75,21.76,0.75
3444,SARADE,45,H2,40.68,40.91,41.89,0.22,0.98,40.91,0.98
3446,SARADE,45,H2,49.57,49.98,46.98,0.42,-3.00,49.98,0.42
3450,SARADE,45,H2,50.23,50.80,50.82,0.57,0.02,50.80,0.57
3450A,SARADE,45,H2,18.65,18.87,19.46,0.22,0.59,18.87,0.59
3451,SARADE,45,H2,34.84,34.92,34.59,0.08,-0.34,34.92,0.08
3452,SARADE,45,H2,18.36,17.81,17.84,-0.55,0.03,18.36,0.03
3453,SARADE,45,H2,16.08,15.87,16.37,-0.21,0.51,16.08,0.51
3453A,SARADE,45,H2,15.23,15.04,15.81,-0.19,0.77,15.23,0.77
3454,SARADE,45,H2,36.74,36.71,34.36,-0.03,-2.35,36.74,-0.03
3455,SARADE,45,H2,27.67,28.04,28.86,0.37,0.83,28.04,0.83
3470,SARADE,46,H2,34.66,34.60,36.31,-0.05,1.70,34.66,1.70
3472,SARADE,46,H2,23.19,23.67,2.34,0.49,-21.33,23.67,0.49
3473,SARADE,46,H2,21.31,21.51,21.53,0.21,0.02,21.51,0.21
3474,SARADE,46,H2,51.81,51.17,52.23,-0.64,1.06,51.81,1.06
3476,SARADE,46,H2,19.09,19.37,18.72,0.28,-0.65,19.37,0.28
3476A,SARADE,46,H2,13.60,13.53,13.23,-0.07,-0.30,13.60,-0.07
3477,SARADE,46,H2,19.71,19.41,20.79,-0.31,1.38,19.71,1.38
3478,SARADE,46,H2,38.41,38.29,38.89,-0.12,0.59,38.41,0.59
3480,SARADE,46,H2,14.89,14.83,15.01,-0.06,0.19,14.89,0.19
3480A,SARADE,46,H2,15.27,15.56,16.04,0.30,0.47,15.56,0.47
3482,SARADE,46,H2,24.60,24.83,23.61,0.23,-1.22,24.83,0.23
3482A,SARADE,46,H2,14.73,15.15,15.28,0.42,0.13,15.15,0.42
3482B,SARADE,46,H2,12.92,12.40,12.82,-0.52,0.42,12.92,0.42
3483,SARADE,46,H2,30.48,30.13,30.96,-0.35,0.83,30.48,0.83
3484,SARADE,46,H2,38.21,38.40,2.14,0.19,-36.26,38.40,0.19
3485,SARADE,46,H2,23.93,23.82,23.60,-0.11,-0.22,23.93,-0.11
3485A,SARADE,46,H2,19.41,19.72,19.53,0.31,-0.20,19.72,0.31
3486,SARADE,46,H2,24.00,23.87,24.68,-0.13,0.81,24.00,0.81
3487,SARADE,46,H2,21.84,21.23,22.73,-0.61,1.49,21.84,1.49
3488,SARADE,46,H2,34.65,34.68,35.99,0.03,1.31,34.68,1.31
3488A,SARADE,46,H2,17.50,17.24,17.31,-0.26,0.07,17.50,0.07
3489,SARADE,46,H2,20.77,20.50,22.32,-0.27,1.83,20.77,1.83
3491,SARADE,46,H2,27.73,27.20,27.72,-0.53,0.53,27.73,0.53
3491A,SARADE,46,H2,14.18,14.14,13.54,-0.04,-0.60,14.18,-0.04
3492,SARADE,46,H2,16.19,16.54,16.76,0.36,0.22,16.54,0.36
3493,SARADE,46,H2,15.54,15.48,15.95,-0.07,0.47,15.54,0.47
3493A,SARADE,46,H2,17.84,18.56,17.91,0.72,-0.66,18.56,0.72
3494,SARADE,46,H2,18.10,17.64,17.25,-0.46,-0.38,18.10,-0.38
2384A,SCA1SP,4,H2,12.92,13.11,13.57,0.19,0.46,13.11,0.46
2454A,SCA1SP,6,H1,13.10,12.88,12.43,-0.22,-0.45,13.10,-0.22
2613,SCA1SP,12,H1,15.33,15.72,13.75,0.40,-1.97,15.72,0.40
2800B,SCA1SP,20,H1,12.92,12.83,13.10,-0.09,0.27,12.92,0.27
3170,SCA1SP,35,H1,19.64,19.29,19.99,-0.35,0.71,19.64,0.71
3365A,SCA1SP,42,H2,13.05,13.05,12.60,0.00,-0.45,13.05,0.00
3433A,SCA1SP,44,H2,2.60,12.46,12.59,9.86,0.13,12.46,9.86
3554A,SCA1SP,50,H2,15.31,15.53,16.09,0.22,0.57,15.53,0.57
2978A,SCA2MA,27,H1,19.84,20.04,20.73,0.20,0.69,20.04,0.69
3522,SCA2MA,48,H2,50.60,50.70,51.41,0.09,0.71,50.70,0.71
3015,SCHOAC,29,H2,66.80,66.33,68.70,-0.47,2.36,66.80,2.36
3042,SCHOAC,29,H2,72.25,71.69,70.35,-0.57,-1.33,72.25,-0.57
3145B,SCHOAC,34,H2,20.48,21.07,21.41,0.59,0.35,21.07,0.59
3296,SCHOAC,39,H2,39.43,39.95,42.64,0.52,2.70,39.95,2.70
2395B,SHORAC,4,H1,30.50,33.49,36.01,2.99,2.52,33.49,2.99
2563,SHORAC,10,H1,46.48,47.80,48.62,1.32,0.82,47.80,1.32
2635A,SHORAC,13,H1,43.95,44.59,45.94,0.65,1.35,44.59,1.35
2699A,SHORAC,16,H1,24.54,26.01,27.72,1.46,1.71,26.01,1.71
2710,SHORAC,17,H1,56.48,60.20,60.40,3.72,0.20,60.20,3.72
2774C,SHORAC,19,H1,28.05,29.62,29.92,1.57,0.30,29.62,1.57
3124A,SHORAC,33,H2,18.07,18.72,18.59,0.65,-0.13,18.72,0.65
3403,SHORAC,43,H2,51.25,51.64,52.79,0.39,1.15,51.64,1.15
2774A,SHORBR,19,H2,27.42,28.77,29.02,1.35,0.24,28.77,1.35
2834,SHORBR,22,H1,34.20,34.97,36.18,0.77,1.20,34.97,1.20
3408,SHORDA,43,H2,96.07,95.83,96.23,-0.24,0.39,96.07,0.39
2325,SHORL1,1,H1,25.28,26.95,28.16,1.68,1.21,26.95,1.68
2395A,SHORL1,4,H1,40.32,40.67,42.86,0.35,2.18,40.67,2.18
2496C,SHORL1,7,H1,2.14,12.53,15.30,10.39,2.77,12.53,10.39
2498C,SHORL1,7,H1,17.23,19.35,22.47,2.12,3.12,19.35,3.12
2507A,SHORL1,8,H1,24.24,26.85,28.90,2.62,2.05,26.85,2.62
2515A,SHORL1,8,H1,15.09,15.38,20.15,0.29,4.77,15.38,4.77
2515B,SHORL1,8,H1,18.23,20.96,2.01,2.73,-18.95,20.96,2.73
2515C,SHORL1,8,H1,2.09,14.38,16.18,12.29,1.80,14.38,12.29
2522,SHORL1,9,H1,47.82,50.42,52.62,2.61,2.20,50.42,2.61
2636A,SHORL1,13,H1,17.09,20.40,23.48,3.31,3.08,20.40,3.31
2805A,SHORL1,21,H1,32.62,36.54,40.46,3.92,3.92,36.54,3.92
2862,SHORL1,23,H1,51.84,52.87,53.90,1.03,1.02,52.87,1.03
3290A,SHORL1,39,H1,21.13,22.71,24.40,1.58,1.69,22.71,1.69
3425A,SHORL1,44,H2,17.07,17.92,19.70,0.85,1.78,17.92,1.78
3425B,SHORL1,44,H2,20.04,22.75,24.29,2.71,1.54,22.75,2.71
3503A,SHORL1,47,H2,19.14,19.94,21.28,0.80,1.34,19.94,1.34
3512,SHORL1,47,H2,65.11,66.40,67.09,1.29,0.69,66.40,1.29
3561D,SHORL1,50,H2,26.68,29.82,33.33,3.14,3.51,29.82,3.51
2741A,SHORL2,18,H1,59.51,60.81,64.55,1.30,3.74,60.81,3.74
2908,SHORL2,24,H1,98.73,97.91,99.22,-0.82,1.31,98.73,1.31
2963,SHORL2,26,H1,41.75,2.01,2.73,-39.74,0.72,41.75,0.72
3072A,SHORL2,31,H2,73.17,73.31,74.13,0.13,0.82,73.31,0.82
3281B,SHORL2,38,H2,36.76,38.20,41.41,1.43,3.22,38.20,3.22
2330D,SHORM1,1,H2,14.16,15.52,15.86,1.36,0.34,15.52,1.36
2342,SHORM1,2,H1,64.06,64.34,65.52,0.27,1.19,64.34,1.19
2389C,SHORM1,4,H1,13.55,15.21,16.63,1.66,1.42,15.21,1.66
2718,SHORM1,17,H1,26.50,26.51,27.80,0.01,1.28,26.51,1.28
2729,SHORM1,17,H1,28.61,29.78,29.81,1.17,0.03,29.78,1.17
2771,SHORM1,19,H1,27.25,26.92,26.63,-0.33,-0.30,27.25,-0.30
2775B,SHORM1,19,H1,13.54,13.61,13.81,0.07,0.20,13.61,0.20
2860,SHORM1,23,H1,28.28,27.93,27.71,-0.35,-0.21,28.28,-0.21
2867B,SHORM1,23,H1,20.81,21.19,22.11,0.38,0.92,21.19,0.92
2901,SHORM1,24,H1,30.99,30.82,31.33,-0.17,0.50,30.99,0.50
2906,SHORM1,24,H1,16.96,16.88,17.21,-0.09,0.33,16.96,0.33
2923,SHORM1,25,H1,20.39,21.04,21.42,0.65,0.38,21.04,0.65
2933A,SHORM1,25,H1,13.95,14.34,14.68,0.39,0.34,14.34,0.39
2987A,SHORM1,27,H1,33.16,33.81,36.28,0.65,2.46,33.81,2.46
3023A,SHORM1,29,H2,22.79,22.91,24.14,0.12,1.23,22.91,1.23
3034A,SHORM1,29,H2,30.73,32.28,34.33,1.55,2.05,32.28,2.05
3034B,SHORM1,29,H2,2.57,12.72,13.05,10.14,0.33,12.72,10.14
3042A,SHORM1,29,H2,16.09,16.41,2.05,0.33,-14.36,16.41,0.33
3067A,SHORM1,30,H2,20.42,20.79,21.61,0.37,0.83,20.79,0.83
3090B,SHORM1,32,H2,19.98,22.47,23.29,2.49,0.82,22.47,2.49
3094A,SHORM1,32,H2,17.41,19.53,20.69,2.12,1.16,19.53,2.12
3094B,SHORM1,32,H2,14.54,15.93,16.12,1.39,0.19,15.93,1.39
3094C,SHORM1,32,H2,14.36,14.75,15.13,0.39,0.38,14.75,0.39
3098A,SHORM1,32,H2,20.94,22.96,24.80,2.02,1.84,22.96,2.02
3108A,SHORM1,32,H2,2.83,13.06,15.26,10.23,2.20,13.06,10.23
3114A,SHORM1,32,H2,18.51,19.23,20.97,0.71,1.75,19.23,1.75
3134A,SHORM1,33,H2,2.37,15.58,16.14,13.21,0.56,15.58,13.21
3159A,SHORM1,34,H2,13.26,13.42,14.98,0.16,1.56,13.42,1.56
3188B,SHORM1,35,H2,18.21,19.37,19.54,1.15,0.17,19.37,1.15
3506A,SHORM1,47,H2,24.82,25.78,26.04,0.96,0.26,25.78,0.96
3495A,SHORM1,48,H2,24.12,23.80,24.56,-0.31,0.76,24.12,0.76
3533B,SHORM1,48,H2,29.94,31.49,32.99,1.55,1.50,31.49,1.55
3560,SHORM1,50,H2,60.56,2.44,2.19,-58.12,-0.25,60.56,-0.25
2478,SHORM2,7,H1,2.20,36.69,38.07,34.49,1.38,36.69,34.49
2506A,SHORM2,8,H1,15.13,14.97,14.68,-0.16,-0.28,15.13,-0.16
2596,SHORM2,12,H1,21.47,21.30,21.69,-0.17,0.39,21.47,0.39
2649C,SHORM2,14,H1,17.59,17.32,19.19,-0.27,1.88,17.59,1.88
2679,SHORM2,15,H1,18.64,18.54,18.63,-0.10,0.09,18.64,0.09
2737A,SHORM2,18,H1,16.09,16.11,17.20,0.03,1.09,16.11,1.09
2745,SHORM2,18,H1,95.33,96.22,96.01,0.89,-0.20,96.22,0.89
2851,SHORM2,22,H1,47.85,49.73,52.57,1.87,2.85,49.73,2.85
2889,SHORM2,24,H1,26.88,26.74,26.26,-0.14,-0.49,26.88,-0.14
2966,SHORM2,27,H1,27.76,28.36,29.73,0.61,1.37,28.36,1.37
2974,SHORM2,27,H2,34.16,34.26,35.70,0.10,1.45,34.26,1.45
3002,SHORM2,28,H2,17.00,16.78,16.94,-0.21,0.16,17.00,0.16
3023B,SHORM2,29,H2,32.14,33.76,34.84,1.62,1.08,33.76,1.62
3266,SHORM2,38,H2,55.54,55.77,56.47,0.22,0.70,55.77,0.70
3294A,SHORM2,39,H2,13.88,14.82,16.01,0.95,1.19,14.82,1.19
3296C,SHORM2,39,H2,14.08,13.34,13.54,-0.74,0.20,14.08,0.20
3346B,SHORM2,41,H2,12.69,13.16,13.71,0.47,0.55,13.16,0.55
3087A,SHORMA,31,H2,2.66,17.38,18.55,14.72,1.17,17.38,14.72
2389D,SHOROV,4,H2,42.92,44.97,46.68,2.05,1.71,44.97,2.05
2698A,SHOROV,16,H1,39.10,40.79,42.44,1.69,1.65,40.79,1.69
3130B,SHOROV,33,H1,15.64,17.69,18.18,2.05,0.49,17.69,2.05
2349C,SHORP1,2,H2,12.98,14.41,14.45,1.43,0.05,14.41,1.43
2410B,SHORP1,4,H1,2.76,13.96,14.78,11.20,0.82,13.96,11.20
2478B,SHORP1,7,H1,2.44,15.78,17.51,13.34,1.73,15.78,13.34
2500,SHORP1,8,H1,45.07,44.93,44.95,-0.14,0.02,45.07,0.02
2516A,SHORP1,8,H1,2.13,14.47,16.20,12.33,1.73,14.47,12.33
2575A,SHORP1,11,H1,29.76,31.81,32.80,2.05,0.99,31.81,2.05
2677D,SHORP1,15,H1,17.48,16.23,18.08,-1.24,1.85,17.48,1.85
3042B,SHORP1,29,H1,16.20,16.90,2.68,0.70,-14.21,16.90,0.70
3074B,SHORP1,31,H2,23.70,23.60,2.51,-0.10,-21.09,23.70,-0.10
3077A,SHORP1,31,H2,18.99,19.38,18.51,0.39,-0.87,19.38,0.39
3079C,SHORP1,31,H2,14.10,14.20,14.56,0.11,0.35,14.20,0.35
3242B,SHORP1,37,H2,33.00,33.46,33.36,0.46,-0.10,33.46,0.46
3359A,SHORP1,42,H2,21.08,22.33,24.06,1.25,1.73,22.33,1.73
3404A,SHORP1,43,H2,18.78,19.76,19.68,0.98,-0.08,19.76,0.98
3529A,SHORP1,48,H2,34.54,35.49,37.58,0.95,2.09,35.49,2.09
3546D,SHORP1,49,H2,13.83,14.38,2.41,0.54,-11.96,14.38,0.54
3547B,SHORP1,49,H2,41.96,44.42,47.65,2.46,3.23,44.42,3.23
3551A,SHORP1,49,H2,47.84,50.24,51.22,2.40,0.98,50.24,2.40
2331B,SHORP2,1,H1,2.61,15.19,15.83,12.58,0.64,15.19,12.58
2389A,SHORP2,4,H1,16.40,18.08,19.44,1.68,1.36,18.08,1.68
2427,SHORP2,5,H1,46.58,48.38,49.52,1.81,1.14,48.38,1.81
2430,SHORP2,5,H1,43.74,44.52,46.56,0.78,2.04,44.52,2.04
2777C,SHORP2,19,H1,13.16,14.34,13.33,1.18,-1.01,14.34,1.18
2794,SHORP2,20,H1,24.60,25.55,26.57,0.95,1.01,25.55,1.01
2926,SHORP2,25,H1,65.79,66.81,70.15,1.02,3.34,66.81,3.34
3074A,SHORP2,31,H1,18.02,18.80,18.89,0.77,0.09,18.80,0.77
3094D,SHORP2,32,H2,15.56,16.49,17.07,0.93,0.57,16.49,0.93
3098C,SHORP2,32,H2,23.71,27.46,30.13,3.75,2.67,27.46,3.75
3104A,SHORP2,32,H2,15.25,16.88,2.96,1.63,-13.92,16.88,1.63
3134,SHORP2,33,H2,97.94,98.19,98.78,0.25,0.59,98.19,0.59
3353,SHORP2,42,H2,38.13,38.08,39.26,-0.05,1.18,38.13,1.18
3402A,SHORP2,43,H2,14.85,15.28,14.97,0.43,-0.31,15.28,0.43
3410A,SHORP2,43,H2,13.81,14.26,15.35,0.44,1.10,14.26,1.10
3003B,SINDEC,28,H2,20.91,21.37,22.07,0.46,0.70,21.37,0.70
3150A,SINDEC,34,H2,17.31,17.96,18.78,0.65,0.82,17.96,0.82
2817,SINDVE,21,H2,75.29,73.90,74.84,-1.39,0.94,75.29,0.94
3365B,SINDVE,42,H1,15.51,15.32,16.24,-0.19,0.92,15.51,0.92
3385A,SINDVE,43,H2,12.77,13.70,13.36,0.93,-0.34,13.70,0.93
2714,SINDWA,17,H2,47.26,47.61,47.39,0.34,-0.21,47.61,0.34
2795A,SINDWA,20,H1,34.04,35.61,37.19,1.57,1.58,35.61,1.58
2967C,SINDWA,27,H1,16.64,16.98,17.99,0.34,1.00,16.98,1.00
2913,STERPA,25,H1,23.84,24.51,24.80,0.67,0.29,24.51,0.67
2657C,STYRBE,14,H1,20.29,22.58,21.48,2.30,-1.10,22.58,2.30
2971A,SYMPAD,27,H1,19.79,19.92,20.38,0.12,0.47,19.92,0.47
2671,TEIJCO,15,H2,58.55,62.72,55.29,4.16,-7.43,62.72,4.16
2677B,TEIJCO,15,H1,16.64,16.61,16.87,-0.03,0.25,16.64,0.25
2909,TIMOWA,24,H2,17.04,16.41,16.17,-0.63,-0.24,17.04,-0.24
3546E,TIMOWA,49,H2,14.35,14.45,14.73,0.11,0.27,14.45,0.27
3399,TRI1HY,43,H2,30.12,30.41,30.90,0.29,0.49,30.41,0.49
2634A,TRI3LA,13,H1,14.32,13.51,14.23,-0.81,0.72,14.32,0.72
2496B,TRI3MA,7,H1,13.88,14.98,16.44,1.10,1.46,14.98,1.46
3088B,TRI3MA,31,H1,13.80,14.12,14.34,0.31,0.22,14.12,0.31
2604A,TRIOMA,12,H2,18.27,19.87,21.58,1.60,1.72,19.87,1.72
3530A,TRIOMA,48,H1,20.84,21.62,22.18,0.78,0.56,21.62,0.78
2417,VATIBE,5,H2,22.77,2.56,2.77,-20.20,0.20,22.77,0.20
2662,VATIBE,15,H1,17.75,18.15,18.21,0.40,0.06,18.15,0.40
2734,VATIBE,18,H1,20.87,20.98,21.25,0.12,0.27,20.98,0.27
3158,VATIBE,34,H1,20.49,20.24,20.65,-0.25,0.41,20.49,0.41
3546B,VATIBE,49,H2,17.27,17.84,18.03,0.56,0.20,17.84,0.56
3555C,VATIBE,50,H2,12.94,12.83,13.33,-0.11,0.50,12.94,0.50
2677E,VATIOD,15,H2,18.89,14.47,13.88,-4.42,-0.60,18.89,-0.60
2590A,XANTAF,11,H1,13.42,12.97,13.55,-0.45,0.58,13.42,0.58
2401,XANTEU,4,H1,17.31,17.40,17.36,0.08,-0.04,17.40,0.08
2451,XANTEU,6,H1,19.63,20.28,20.27,0.65,0.00,20.28,0.65
2502,XANTEU,8,H1,20.59,2.26,2.72,-18.33,0.46,20.59,0.46
2683,XANTEU,16,H1,16.94,17.17,17.16,0.24,-0.01,17.17,0.24
2685,XANTEU,16,H1,14.45,14.66,14.19,0.21,-0.47,14.66,0.21
2723,XANTEU,17,H1,2.17,11.98,2.83,9.80,-9.14,11.98,9.80
2822,XANTEU,21,H1,14.57,15.16,14.90,0.59,-0.26,15.16,0.59
2898A,XANTEU,24,H1,2.42,14.93,16.04,12.51,1.11,14.93,12.51
2998,XANTEU,28,H2,18.67,18.64,18.69,-0.03,0.05,18.67,0.05
2998A,XANTEU,28,H2,14.03,13.74,14.17,-0.29,0.43,14.03,0.43
3041,XANTEU,29,H2,15.12,14.82,15.00,-0.30,0.17,15.12,0.17
3090,XANTEU,32,H2,15.68,15.72,15.54,0.03,-0.18,15.72,0.03
3182B,XANTEU,35,H2,13.81,13.98,13.81,0.17,-0.17,13.98,0.17
3131,XANTEU,38,H2,19.51,19.13,19.14,-0.38,0.01,19.51,0.01
3338,XANTEU,41,H2,15.23,15.04,16.61,-0.19,1.57,15.23,1.57
3355,XANTEU,42,H2,16.22,16.62,16.14,0.40,-0.48,16.62,0.40
3398,XANTEU,43,H2,16.15,16.60,2.28,0.46,-14.32,16.60,0.46
3098B,XANTGR,32,H2,15.98,16.10,16.35,0.13,0.24,16.10,0.24
3405,XANTGR,43,H2,2.25,30.94,31.60,28.69,0.66,30.94,28.69
2441A,XANTRU,6,H2,17.20,17.30,16.65,0.09,-0.64,17.30,0.09
2736,XANTRU,18,H1,26.19,26.31,26.69,0.13,0.38,26.31,0.38
2827B,XANTRU,21,H1,12.91,12.87,12.57,-0.04,-0.30,12.91,-0.04
2994,XANTRU,23,H1,25.09,25.72,26.82,0.62,1.10,25.72,1.10
3030,XANTRU,29,H1,33.23,33.62,34.21,0.39,0.59,33.62,0.59
3114,XANTRU,32,H2,34.16,2.76,2.18,-31.40,-0.59,34.16,-0.59
2676,XANTST,15,H2,45.05,46.60,48.46,1.56,1.86,46.60,1.86
3166,XANTST,34,H1,59.19,60.98,62.60,1.79,1.62,60.98,1.79
3233A,XANTST,37,H2,24.59,26.37,2.85,1.77,-23.52,26.37,1.77
3341,XANTST,41,H2,19.38,18.71,18.68,-0.67,-0.02,19.38,-0.02
3343,XANTST,41,H2,67.51,67.37,2.03,-0.14,-65.34,67.51,-0.14
2335A,XERONO,1,H2,15.77,15.79,15.62,0.02,-0.17,15.79,0.02
2763,XERONO,19,H1,26.87,27.35,27.70,0.48,0.35,27.35,0.48
2775A,XERONO,19,H1,14.53,14.24,14.61,-0.29,0.37,14.53,0.37
2935C,XERONO,25,H1,15.75,15.07,13.65,-0.67,-1.42,15.75,-0.67
3158A,XERONO,34,H2,16.95,17.71,18.57,0.75,0.86,17.71,0.86
3165,XERONO,34,H2,23.80,24.45,24.35,0.65,-0.11,24.45,0.65
3171,XERONO,35,H2,22.72,22.77,23.06,0.06,0.29,22.77,0.29
3182A,XERONO,35,H2,24.64,25.94,25.78,1.30,-0.17,25.94,1.30
3197B,XERONO,35,H2,17.79,18.71,18.62,0.92,-0.09,18.71,0.92
3416,XERONO,44,H2,26.09,26.54,27.96,0.45,1.42,26.54,1.42
3436B,XERONO,45,H2,19.26,18.48,18.31,-0.78,-0.17,19.26,-0.17
3529B,XERONO,48,H2,13.92,14.26,14.66,0.34,0.40,14.26,0.40
3460C,XYLOCA,46,H2,24.42,25.77,26.17,1.35,0.41,25.77,1.35
3374,XYLOFS,42,H1,21.48,2.28,2.26,-19.19,-0.02,21.48,-0.02
3558,XYLOFS,50,H2,32.66,31.70,32.03,-0.96,0.33,32.66,0.33
2330A,XYLOM1,1,H1,29.51,2.86,2.39,-26.65,-0.47,29.51,-0.47
2339B,XYLOM2,1,H2,17.50,19.07,17.41,1.57,-1.66,19.07,1.57
3497A,XYLOM2,47,H2,12.82,15.67,15.25,2.85,-0.42,15.67,2.85
,,,,,,,,,,
,,,,,,,,,,
,,,,,,,,,,
,,,,,,,,,,
,,,,,,,,,,
,,,,,,,,,,
,,,,,,,,,,
,,,,,,,,,,
,,,,,,,,,,
,,,,,,,,,,
,,,,,,,,,,
,,,,,,,,,,
,,,,,,,,,,
,,,,,,,,,,