TAG,SP,QUAD,XCO,YCO,D15,D17,D19,D21
2317,SHORP2,1,1.8,5.0,0.0,0.0,0.0,0.0
2318,MESURA,1,3.3,5.0,0.0,0.0,0.0,0.0
2319,CANAPA,1,6.0,1.8,0.0,0.0,0.0,0.0
2320,PAYELU,1,7.9,4.7,0.0,0.0,0.0,0.0
2321,GIROPA,1,7.6,6.9,11.5,11.6,0.0,0.0
2322,MACALO,1,9.5,6.8,0.0,0.0,0.0,0.0
2323,DACRR1,1,9.7,10.9,19.8,20.2,20,20.1
2323A,MACALO,1,0.0,0.0,0.0,0.0,0.0,0.0
2324,KOOMMA,1,10.7,11.6,99.0,99.0,99.3,99.3
2324A,NAUCOF,1,10.5,11.8,11.0,11.4,12,12.8
2325,SHORL1,1,3.9,10.8,22.9,24.9,26,27.4
2325A,APORPR,1,4.0,12.7,0.0,0.0,0.0,0.0
2325B,GREWMI,1,1.6,13.7,23.8,24.3,24.8,25.7
2325C,MACALO,1,3.6,10.6,11.5,11.9,0.0,0.0
2326,EUGEPE,1,2.3,11.3,0.0,0.0,0.0,0.0
2327,RYPAKU,1,2.4,18.2,0.0,0.0,0.0,0.0
2328,EUGEDE,1,8.3,15.9,0.0,0.0,0.0,0.0
2328A,AAAAAA,1,0.0,0.0,0.0,0.0,0.0,0.0
2329,IXONIC,1,9.2,17.8,40.1,0.0,0.0,0.0
2329A,APORPE,1,6.7,17.6,0.0,0.0,0.0,0.0
2329B,APORPE,1,0.0,0.0,0.0,0.0,0.0,0.0
2330,GANUSN,1,17.9,12.4,0.0,0.0,0.0,0.0
2330A,XYLOM1,1,18.0,14.2,26.6,0.0,0.0,0.0
2330B,ARTOIS,1,19.5,12.2,13.6,14.2,14.6,14.7
2330C,APORCO,1,19.1,12.0,12.7,13.3,13.8,12.8
2330D,SHORM1,1,18.2,12.8,11.7,12.9,13.6,13.3
2331,ALANRI,1,19.0,11.2,16.4,16.6,16.5,15.4
2331A,PORTAN,1,19.1,10.6,12.8,13.1,13.1,12.4
2331B,SHORP2,1,18.6,19.0,0.0,12.8,12.9,13.1
2332,DIPTC1,1,19.7,10.6,28.2,28.7,30.3,30
2332A,MACALO,1,20.0,10.5,12.6,12.6,12.4,12.6
2333,LITHCU,1,17.5,4.0,0.0,0.0,0.0,0.0
2334,BUCHSE,1,15.4,6.1,0.0,0.0,0.0,0.0
2335,EUGEFL,1,14.3,6.4,39.1,39.8,40.3,39.1
2335A,XERONO,1,14.5,7.5,13.1,13.2,13.3,13.4
2335B,APORBR,1,16.0,8.0,13.2,13.5,14.4,13.6
2335C,CROTLA,1,15.6,6.4,10.9,11.1,11.4,11.4
2336,PTYCCO,1,15.6,1.1,13.3,13.3,13.3,13.6
2337,DIPTC1,1,15.7,0.7,31.8,32.8,34.1,35.7
2337A,DIOSNU,1,16.2,0.5,11.0,11.2,11.3,11.6
2338,KNEMMA,1,14.6,0.0,25.9,25.9,25.7,26
2339,KOOMMA,1,10.4,0.2,0.0,0.0,0.0,0.0
2339A,ARCHDI,1,8.5,1.2,18.4,18.5,18.7,19.4
2339B,XYLOM2,1,8.8,1.4,14.6,16.5,14.6,14.9
2343,MANGQU,2,31.1,2.5,11.2,11.2,11.1,0.0
2340,OCHAAM,2,22.8,1.3,0.0,0.0,0.0,0.0
2340A,AAAAAA,2,0.0,0.0,0.0,0.0,0.0,0.0
2341,EUGECL,2,27.8,3.8,0.0,0.0,0.0,0.0
2342,SHORM1,2,32.3,2.8,61.5,61.7,62.6,62.6
2343A,SANTAP,2,31.0,1.2,11.2,12.7,12.9,13
2343B,HORSCR,2,28.5,1.0,11.2,11.8,11.9,12.1
2344,CALODI,2,32.5,4.3,0.0,0.0,0.0,0.0
2345,DACRR1,2,33.5,0.4,12.3,12.0,11.9,12.1
2346,CLE1SU,2,33.7,2.0,16.1,16.1,16.1,16.6
2347,IXONIC,2,28.4,7.7,0.0,0.0,0.0,0.0
2348,DACRR1,2,29.7,8.9,13.7,13.9,14.2,14.6
2349,DACRR1,2,22.5,6.6,17.0,17.1,17.1,17.2
2349A,DACRR1,2,23.1,6.7,11.4,11.8,0.0,0.0
2349B,APORBR,2,24.1,7.1,12.2,12.0,12.3,12.5
2349C,SHORP1,2,23.5,7.0,10.8,11.8,11.7,12
2349D,PAYELU,2,,,10.8,10.5,10.5,10.1
2350,ARTOIS,2,21.1,8.6,34.7,34.4,34.2,0.0
2350A,NEPHOP,2,21.4,6.2,0.0,11.0,12.1,12.7
2351A,AAAAAA,2,0.0,0.0,0.0,0.0,0.0,0.0
2352,NEOSKI,2,29.3,16.5,0.0,0.0,0.0,0.0
2353,POL1HY,2,30.8,15.3,0.0,0.0,0.0,0.0
2354,HERISI,2,32.1,17.4,11.3,11.5,11.4,11.5
2355,CHISTO,2,34.0,19.5,13.2,13.5,13.9,13.7
2355A,DIPTC1,2,33.2,19.0,10.7,11.1,0.0,0.0
2355B,,2,,,10.7,10.4,10.4,10
2356,DIPTC1,2,36.8,19.3,0.0,0.0,0.0,0.0
2357,MACALO,2,39.4,17.2,0.0,0.0,0.0,0.0
2358,CALODI,2,39.6,15.0,0.0,0.0,0.0,0.0
2359,EUGERI,2,37.8,12.8,0.0,0.0,0.0,0.0
2360,GARCRO,2,37.1,13.5,0.0,0.0,0.0,0.0
2361,POMEPA,2,37.4,8.1,47.1,47.1,48.9,48.9
2361A,PIMEGR,2,38.2,9.6,0.0,14.6,15,15.7
2362,DACRR1,2,36.0,7.3,18.6,18.6,18.8,19
2362A,ANI2CO,2,37.1,10.2,14.5,14.5,14.7,14.8
2362B,SANTLA,2,35.3,9.8,10.9,11.0,10.8,11
2363,ACROPO,2,36.1,4.7,0.0,0.0,0.0,0.0
2364,GLUTEL,2,39.9,2.7,0.0,0.0,0.0,0.0
2365,DACRRO,2,39.5,1.7,0.0,0.0,0.0,0.0
2366,CRY1GR,3,42.3,2.2,0.0,0.0,0.0,0.0
2367,CLE1SU,3,45.0,2.7,23.4,23.3,23.2,23.4
2367A,ADENBI,3,46.9,6.1,0.0,0.0,0.0,0.0
2367B,APORPR,3,0.0,0.0,0.0,0.0,0.0,0.0
2367C,CYNOMA,3,42.5,4.2,13.3,14.2,13.6,13.8
2367D,DIPLMA,3,41.4,7.0,0.0,10.5,11,11.2
2367F,EUGETU,3,46.2,7.2,0.0,10.7,11.6,13.5
2367G,,3,,,0.0,0.0,0.0,10.5
2368,MACALO,3,42.4,12.8,0.0,0.0,0.0,0.0
2369,MANGQU,3,43.2,12.9,15.9,17.0,17.2,17.3
2369A,CLE1SU,3,0.0,0.0,11.3,0.0,0.0,0.0
2369B,DIALPL,3,44.7,11.4,24.7,25.1,25.9,27.2
2369C,,3,,,0.0,0.0,10.1,10.4
2370,GANUSN,3,40.4,13.4,13.3,13.5,13.5,13.6
2370A,,3,,,0.0,0.0,10.5,11.1
2371,CALODI,3,42.0,14.8,0.0,0.0,0.0,0.0
2372,DACRR1,3,42.8,17.2,0.0,0.0,0.0,0.0
2373,SHORP1,3,44.4,18.3,0.0,0.0,0.0,0.0
2374,EUGEC1,3,45.0,16.9,0.0,0.0,0.0,0.0
2375,CLE1SU,3,48.0,15.0,11.6,11.6,12.4,11.7
2375A,MYRICI,3,49.5,15.8,10.7,11.0,11,11
2375B,GARCNE,3,47.3,15.8,0.0,10.2,11.5,11.4
2376,IXONIC,3,48.9,13.7,37.9,38.1,38.8,39.6
2376A,EUGEIN,3,52.3,11.4,25.2,25.7,25.8,26.1
2377,OCHAAM,3,48.7,11.8,17.9,18.3,18.4,18.8
2377A,BUCHSE,3,49.0,12.0,17.2,18.0,18.5,19.2
2377B,GREWMI,3,48.0,12.0,11.9,12.0,12.9,12.2
2378,SAR1GR,3,55.6,16.1,111.9,111.9,112.4,112.4
2378A,RYPAKU,3,56.2,17.0,15.0,15.8,16,16.2
2378B,PAYELU,3,56.6,16.5,12.5,13.1,13.2,13.6
2379,CLE1SU,3,58.0,12.2,14.1,14.1,14.9,13.9
2379A,PORTAN,3,58.8,11.4,21.4,21.8,22.2,22.4
2380,CARABR,3,58.4,7.9,0.0,0.0,0.0,0.0
2381,NEOBHE,3,56.7,4.5,19.4,0.0,0.0,0.0
2382,BEILL1,3,55.2,2.2,15.5,15.5,15.5,15.8
2382A,MACALO,3,55.0,0.6,0.0,10.8,11.7,12.2
2383,DIPTC1,4,63.4,0.4,68.8,69.2,70.5,70.5
2384,POMEPA,4,61.0,3.5,12.8,12.8,12.5,13.6
2384A,SCA1SP,4,69.5,1.8,10.5,11.0,10.9,11.6
2385,ALPHEL,4,61.8,3.3,19.4,19.4,19.5,19.8
2386,GIRONE,4,60.9,4.8,0.0,0.0,0.0,0.0
2387,OCHAAM,4,63.6,6.1,13.8,13.8,0.0,0.0
2388,CLE1SU,4,65.5,4.9,14.7,14.7,14.9,14.9
2389,GIRONE,4,67.5,4.9,0.0,0.0,0.0,0.0
2389A,SHORP2,4,70.5,6.0,14.1,15.4,16.8,18.6
2389B,GREWMI,4,71.6,6.5,16.6,16.8,16.8,17.2
2389C,SHORM1,4,73.8,6.1,11.2,12.5,13.8,16.2
2389D,SHOROV,4,74.2,3.5,40.9,42.6,44.3,45
2390,KNEMSC,4,68.2,6.5,0.0,0.0,0.0,0.0
2391,APORPR,4,69.4,7.2,11.7,11.7,11.6,11.7
2391A,DACRRI,4,71.0,7.6,19.9,20.6,21.6,20.8
2391B,LITHEW,4,71.5,7.0,11.5,11.7,12.3,14.2
2392,CASTME,4,68.4,9.1,0.0,0.0,0.0,0.0
2393,ALPHMA,4,71.2,11.0,0.0,0.0,0.0,0.0
2394,XANTEU,4,71.1,14.3,0.0,0.0,0.0,0.0
2395,ALPHMA,4,67.7,15.7,28.3,0.0,0.0,0.0
2395A,SHORL1,4,68.7,18.9,37.4,38.4,40,14.5
2395B,SHORAC,4,69.1,17.1,28.3,30.6,33.4,37.1
2395C,ARCHDU,4,67.8,16.1,10.7,13.4,14,15.3
2395D,MACALO,4,67.9,16.5,10.9,11.1,11,11
2395E,DIOSRU,4,66.5,15.2,15.3,16.8,17.1,17.7
2396,PORTAN,4,65.0,16.8,0.0,0.0,0.0,0.0
2397,MACALO,4,63.4,19.0,0.0,0.0,0.0,0.0
2398,DIOSS1,4,61.1,17.2,16.5,17.0,17.3,17.5
2398A,DIPLMA,4,62.0,15.7,0.0,10.9,11,11
2400,RYPAKU,4,76.7,13.1,0.0,0.0,0.0,0.0
2401,XANTEU,4,78.8,14.1,14.8,14.9,14.8,14.8
2402,PIMEGR,4,79.0,13.3,0.0,0.0,0.0,0.0
2403,DIPTC1,4,79.5,12.4,0.0,0.0,0.0,0.0
2405,SHORAC,4,78.5,10.2,0.0,0.0,0.0,0.0
2406,ARCHBU,4,72.9,7.9,0.0,0.0,0.0,0.0
2407,LITHEW,4,79.3,7.0,20.4,21.1,21,21
2408,CLE1SU,4,77.9,4.6,21.0,21.2,21.8,24.1
2409,KNEMLA,4,80.0,3.6,0.0,0.0,0.0,0.0
2410,ARCHBU,4,79.0,1.4,18.3,12.6,12.6,18.9
2410A,ALANEB,4,79.2,1.0,12.5,12.7,12.6,13.2
2410B,SHORP1,4,76.0,0.4,0.0,11.5,11.8,13.5
2411,QUERAR,5,85.1,5.4,0.0,0.0,0.0,0.0
2412,DIPTC1,5,86.6,5.5,0.0,0.0,0.0,0.0
2413,RYPAKU,5,89.7,5.8,0.0,0.0,0.0,0.0
2414,CLE1SU,5,85.9,8.9,0.0,0.0,0.0,0.0
2415,IXONIC,5,84.0,7.3,0.0,0.0,0.0,0.0
2416,DIOSAP,5,81.0,5.4,18.3,19.1,18.2,18.5
2416A,,5,,,0.0,0.0,10.8,15
2417,VATIBE,5,85.6,13.7,20.7,0.0,0.0,0.0
2418,MACALO,5,82.7,14.7,0.0,0.0,0.0,0.0
2419,MANGG1,5,85.0,16.3,0.0,0.0,0.0,0.0
2420,MACALO,5,82.0,19.8,0.0,0.0,0.0,0.0
2421,MACALO,5,86.7,16.8,0.0,0.0,0.0,0.0
2422,DACRR2,5,92.2,17.2,0.0,0.0,0.0,0.0
2423,OCHAAM,5,95.6,17.4,19.5,19.5,19.7,14.9
2423A,MACALO,5,95.0,18.2,14.2,14.3,14.9,19.2
2423B,ALANEB,5,95.4,17.2,11.0,10.7,10.8,11
2423C,OCHAAM,5,92.0,0.4,0.0,10.6,10.3,10.5
2424,SCOLSP,5,96.5,15.2,0.0,0.0,0.0,0.0
2425,KOILLO,5,94.2,11.7,0.0,0.0,0.0,0.0
2425A,HORSPS,5,0.0,0.0,0.0,0.0,0.0,0.0
2426,DACRR2,5,98.1,16.3,14.6,14.9,14.9,15
2426A,QUERAR,5,98.0,17.1,13.9,14.1,14.2,14.5
2427,SHORP2,5,99.1,19.4,44.4,45.7,47,47
2427A,DILLSU,5,90.0,19.0,12.5,12.5,13.6,13
2428,SCA1SP,5,98.4,7.7,0.0,0.0,0.0,0.0
2429,ATUNEX,5,96.7,3.3,0.0,0.0,0.0,0.0
2430,SHORP2,5,97.4,2.1,40.9,42.3,43.6,45.1
2430A,ELATTA,5,96.1,2.3,11.4,11.4,11.3,11.2
2430B,PARKSP,5,99.2,3.5,0.0,12.3,12.7,12.8
2430C,,5,,,0.0,0.0,0.0,0.0
2431,RYPAAC,5,93.7,4.3,32.2,32.4,32.1,32.5
2432,POL1JE,5,93.2,2.3,18.3,18.6,19.5,18.7
2432A,MONOMA,5,0.0,0.0,0.0,0.0,0.0,0.0
2432B,DIOSSU,5,92.5,1.2,10.1,10.1,10.1,10.9
2432C,DIOSBU,5,91.2,0.5,12.5,12.8,12.7,13.1
2433,KOOMMA,6,80.5,21.0,0.0,0.0,0.0,0.0
2434,DIOSLA,6,81.6,20.6,0.0,0.0,0.0,0.0
2435,GONYMA,6,84.7,22.3,0.0,0.0,0.0,0.0
2436,SHORM2,6,86.6,24.5,0.0,0.0,0.0,0.0
2437,SHORP2,6,85.8,25.5,0.0,0.0,0.0,0.0
2438,ANTICO,6,81.1,27.4,0.0,0.0,0.0,0.0
2439,CRY1GR,6,80.3,26.9,0.0,0.0,0.0,0.0
2440,MACALO,6,83.2,29.4,0.0,0.0,0.0,0.0
2441,MYRIM1,6,82.4,30.2,0.0,0.0,0.0,0.0
2441A,XANTRU,6,80.8,28.2,14.5,14.5,14.5,14.8
2441B,MACAHY,6,81.8,30.5,10.9,11.2,12.4,13.5
2441C,CROTLA,6,81.6,28.0,0.0,11.8,12.5,13.2
2441D,,6,,,0.0,0.0,11.8,10.3
2441E,ARCHIBU,6,,,0.0,0.0,11,13.2
2441F,SHORAC,6,,,0.0,0.0,10.1,10.2
2441G,,6,,,0.0,0.0,0.0,10.6
2441H,,6,,,0.0,0.0,0.0,12.5
2442,MACALO,6,86.7,29.3,0.0,0.0,0.0,0.0
2443,BHESPA,6,89.1,29.5,0.0,0.0,0.0,0.0
2443A,MACACO,6,81.2,22.2,0.0,11.0,10.8,11.2
2444,KNEMFU,6,86.7,30.2,0.0,0.0,0.0,0.0
2445,NEOSKI,6,88.4,32.1,0.0,0.0,0.0,0.0
2445A,MACAHY,6,89.3,31.0,14.4,15.5,16.8,18.4
2446,MEL1FU,6,89.2,32.7,0.0,0.0,0.0,0.0
2446A,AIDICO,6,89.8,34.2,0.0,11.8,11.9,12.1
2447,MESUFE,6,86.8,32.4,0.0,0.0,0.0,0.0
2448,SCA2LI,6,86.4,33.0,0.0,0.0,0.0,0.0
2448A,DACRR1,6,0.0,0.0,0.0,0.0,0.0,0.0
2449,EUGECL,6,86.9,33.8,0.0,0.0,0.0,0.0
2450,XANTRU,6,82.9,34.9,0.0,0.0,0.0,0.0
2451,XANTEU,6,82.4,35.7,17.6,17.6,17.7,0.0
2451A,,6,,,0.0,0.0,11.3,12.2
2452,PAROVA,6,85.3,38.4,0.0,0.0,0.0,0.0
2452A,GARCPA,6,0.0,0.0,0.0,0.0,0.0,0.0
2453,PAR1OB,6,85.1,39.4,25.4,25.6,26.5,26.5
2453A,ARDICO,6,86.0,39.0,14.0,14.7,15.2,15.2
2453B,DIPTC1,6,86.0,39.2,0.0,13.1,13.1,16.3
2454,DIPLMA,6,89.3,37.7,16.3,16.4,16.4,17.1
2454A,SCA1SP,6,89.5,36.5,10.5,10.5,10.4,0.0
2454B,NEOBHE,6,93.0,36.6,14.5,16.3,17.4,17.1
2455,KNEMSC,6,81.6,38.5,0.0,0.0,0.0,0.0
2456,NEOBHE,6,81.7,39.0,41.3,53.1,54.1,54.8
2456A,CANALL,6,81.2,39.7,0.0,10.6,10.8,11.5
2456B,,6,,,0.0,0.0,10.1,11.3
2457,MEL1FU,6,92.4,35.0,0.0,0.0,0.0,0.0
2458,MEMEO2,6,93.2,39.8,0.0,0.0,0.0,0.0
2459,CYATRA,6,96.9,37.7,0.0,0.0,0.0,0.0
2460,XYLOM2,6,98.6,36.9,0.0,0.0,0.0,0.0
2461,DYERCO,6,97.8,34.7,0.0,0.0,0.0,0.0
2462,EUGESA,6,98.1,34.2,0.0,0.0,0.0,0.0
2463,POL1SU,6,98.3,31.5,0.0,0.0,0.0,0.0
2464,BEILDI,6,97.4,31.2,0.0,0.0,0.0,0.0
2465,SANTLA,6,93.6,29.9,17.7,18.0,18.5,18.1
2465A,ARTOIS,6,94.0,28.5,15.2,15.4,15.7,15.5
2465B,MACALO,6,94.8,26.0,12.2,12.4,12.4,12.4
2466,ARCHBU,6,97.1,26.6,0.0,0.0,0.0,0.0
2467,SANTLA,6,98.9,23.6,37.0,38.5,40.4,41.3
2467A,GARCMA,6,99.0,22.1,12.3,12.7,12.6,12.7
2467B,DIPTC1,6,99.5,26.4,12.5,13.6,14.7,15.8
2468,DRYPKI,6,99.7,21.0,0.0,0.0,0.0,0.0
2469,SANTLA,6,98.2,20.3,25.5,27.6,28.7,30.7
2469A,GARCPA,6,99.6,20.4,12.5,11.4,11.4,11.8
2470,MESURA,6,94.5,20.7,0.0,0.0,0.0,0.0
2471,POL1SU,6,93.4,22.8,0.0,0.0,0.0,0.0
2471A,EUGERI,6,93.5,25.4,0.0,0.0,0.0,0.0
2472,XERONO,6,91.3,21.9,0.0,0.0,0.0,0.0
2473,MACALO,6,89.4,23.7,0.0,0.0,0.0,0.0
2474,BOUEOP,7,62.9,22.2,25.5,26.2,18.1,26.4
2475,SANDKO,7,63.7,22.0,0.0,0.0,0.0,0.0
2476,IXONIC,7,64.4,23.5,0.0,0.0,0.0,0.0
2477,XANTEU,7,71.0,25.2,0.0,0.0,0.0,0.0
2477A,GONYMA,7,0.0,0.0,0.0,0.0,0.0,0.0
2478,SHORM2,7,62.6,27.0,21.8,34.1,35.2,36.3
2478A,DACRRO,7,62.2,25.4,13.5,21.3,21.9,22.4
2478B,SHORP1,7,64.6,26.0,0.0,13.6,14.6,16.4
2480,CROTLA,7,64.7,30.9,0.0,0.0,0.0,0.0
2481,IXONIC,7,64.1,33.5,0.0,0.0,0.0,0.0
2482,XERONO,7,66.2,33.9,0.0,0.0,0.0,0.0
2483,ALPHEL,7,71.1,34.1,0.0,0.0,0.0,0.0
2484,DIALWA,7,70.5,35.3,0.0,0.0,0.0,0.0
2486,BACCRE,7,66.4,38.1,0.0,0.0,0.0,0.0
2487,ARTOIS,7,68.3,38.9,30.0,30.2,30.3,0.0
2487A,KNEMLA,7,72.5,38.5,10.6,11.3,11.5,0.0
2488,AIDICO,7,69.1,39.2,0.0,0.0,0.0,0.0
2489,DACRLA,7,70.8,34.6,0.0,0.0,0.0,0.0
2490,EUGEPR,7,74.0,32.8,0.0,0.0,0.0,0.0
2491,BACCRE,7,74.8,35.2,0.0,0.0,0.0,0.0
2492,PTYCCO,7,77.0,38.9,0.0,0.0,0.0,0.0
2493,LANSDO,7,77.6,36.2,0.0,0.0,0.0,0.0
2494,DURIGR,7,77.4,32.1,0.0,0.0,0.0,0.0
2495,LEPISE,7,78.3,30.7,0.0,0.0,0.0,0.0
2496,EUGEKO,7,74.6,26.7,29.0,30.5,31.1,32.1
2496A,EUGETU,7,71.8,27.4,17.5,18.9,20.5,21.4
2496B,TRI3MA,7,72.0,28.6,10.9,12.4,14.1,15.3
2496C,SHORL1,7,72.0,27.0,0.0,10.5,12.7,12.8
2497,DACRR1,7,77.9,24.6,0.0,0.0,0.0,0.0
2498,PALAH2,7,78.3,22.1,0.0,0.0,0.0,0.0
2498A,NEPHCO,7,78.0,21.0,18.5,19.3,19.6,19.8
2498B,SANTLA,7,79.5,20.4,15.5,17.9,20.1,23.7
2498C,SHORL1,7,76.5,20.8,14.8,17.3,19.5,22.6
2499,MILLAT,7,74.5,20.3,0.0,0.0,0.0,0.0
2500,SHORP1,8,47.1,23.6,42.3,42.5,42.9,42.9
2500A,PORTAN,8,0.0,0.0,0.0,0.0,0.0,0.0
2500B,SANTLA,8,48.5,22.0,12.3,11.7,11.7,11.9
2501,DIOSAP,8,44.6,26.3,26.1,26.1,28.1,28.2
2502,XANTEU,8,47.4,27.3,18.5,0.0,0.0,0.0
2502A,ALPHEL,8,48.2,30.2,11.1,12.0,12.2,12.5
2502B,DACRR1,8,44.6,29.0,0.0,10.2,0.0,0.0
2503,IXONIC,8,50.0,30.3,0.0,0.0,0.0,0.0
2504,NAUCOF,8,40.9,36.9,22.8,22.3,22.6,22.7
2504A,EUGECL,8,40.6,32.1,0.0,0.0,0.0,0.0
2504B,STERPA,8,41.4,35.4,0.0,0.0,0.0,0.0
2504C,PIMEGR,8,40.8,34.8,24.9,25.2,25.3,25.7
2504D,EUGERI,8,40.5,30.8,23.3,25.0,27.2,29.2
2505,MONOMA,8,44.5,36.9,0.0,0.0,0.0,0.0
2505A,IXONIC,8,41.6,39.0,14.6,15.5,16.2,17
2506,VATIBE,8,45.4,37.0,0.0,0.0,0.0,0.0
2506A,SHORM2,8,46.0,38.2,12.2,12.5,12.5,12.6
2506B,CROTLA,8,47.2,38.5,12.9,13.2,13.5,14.4
2506C,MESURA,8,,,12.9,11.7,11.7,10.5
2506D,SHORP1,8,,,12.9,11.8,11.8,10.7
2507,SHORL2,8,49.0,38.9,0.0,0.0,0.0,0.0
2507A,SHORL1,8,48.8,38.5,21.3,23.9,26.8,29.6
2507B,NEPHER,8,51.0,38.0,13.1,13.1,13.1,13.4
2507C,,8,,,0.0,0.0,10.5,10.6
2508,EUGEDE,8,52.0,34.4,8.8,13.1,0.0,0.0
2509,CHISER,8,52.7,34.3,0.0,0.0,0.0,0.0
2510,HOPEME,8,54.1,35.2,0.0,0.0,0.0,0.0
2511,XANTEU,8,55.9,32.0,0.0,0.0,0.0,0.0
2512,MEMEO2,8,57.9,33.6,0.0,0.0,0.0,0.0
2513,MESURA,8,59.9,36.4,0.0,0.0,0.0,0.0
2514,GIROPA,8,55.2,39.1,0.0,0.0,0.0,0.0
2514A,APORPR,8,0.0,0.0,0.0,0.0,0.0,0.0
2515,KOOMMA,8,56.7,36.4,63.5,63.7,65.2,65.2
2515A,SHORL1,8,54.5,22.5,12.1,12.4,17.2,15.5
2515B,SHORL1,8,55.7,22.5,16.1,18.9,14.8,24.3
2515C,SHORL1,8,55.4,36.6,0.0,11.5,13.2,15.1
2515D,,8,,,0.0,0.0,10.2,0.0
2516,CALODI,8,57.0,26.7,0.0,0.0,0.0,0.0
2516A,SHORP1,8,56.2,28.4,0.0,11.9,13.7,15.6
2516B,DURIGR,8,56.5,30.0,0.0,11.9,11.9,11.8
2516C,,8,,,0.0,0.0,0.0,0.0
2517,ELAERU,8,50.3,26.0,0.0,0.0,0.0,0.0
2518,CALODI,8,58.3,22.0,0.0,0.0,0.0,0.0
2519,HERISI,8,51.0,21.5,0.0,0.0,0.0,0.0
2520,APORAR,8,49.5,21.0,0.0,0.0,0.0,0.0
2521,EUGEDE,9,26.4,20.2,11.2,11.1,11.7,0.0
2521A,PAYEMA,9,20.1,20.0,0.0,0.0,0.0,0.0
2521B,PAYELU,9,31.3,20.8,18.6,18.6,0.0,0.0
2522,SHORL1,9,26.0,24.7,45.3,47.5,49.7,49.7
2522A,PAYEMA,9,27.7,24.2,0.0,0.0,0.0,0.0
2522B,HOPEME,9,0.0,0.0,0.0,0.0,0.0,0.0
2523,CYNOMA,9,25.5,27.9,22.6,23.6,23.8,25.9
2524,SYMPC2,9,20.4,28.7,0.0,0.0,0.0,0.0
2524A,KOKOOC,9,23.2,26.6,0.0,11.7,12.4,12.4
2525,RYPAKU,9,21.5,32.9,17.7,17.5,17.7,17.9
2525A,CROTLA,9,21.8,31.0,0.0,11.1,11.8,12.6
2526,ATUNEX,9,24.0,34.7,0.0,0.0,0.0,0.0
2527,LEPISE,9,24.3,36.9,0.0,0.0,0.0,0.0
2528,SHORAC,9,22.0,38.4,0.0,0.0,0.0,0.0
2528A,LITSM2,9,28.2,39.2,14.9,14.3,14.4,15
2528B,IXONIC,9,,,0.0,0.0,10.2,11.6
2529,EUGEDE,9,29.5,34.6,0.0,0.0,0.0,0.0
2530,LITHWA,9,30.7,34.1,0.0,0.0,0.0,0.0
2531,MANGQU,9,35.8,38.7,33.7,34.0,34.5,34.7
2532,ELAENI,9,36.8,33.4,39.1,40.3,40.6,0.0
2532A,BUCHSE,9,37.3,33.7,0.0,0.0,0.0,0.0
2532B,CRY1GR,9,39.0,35.0,0.0,0.0,0.0,0.0
2532C,ELAEFE,9,36.5,31.0,10.3,10.5,10.2,0.0
2532D,SANTLA,9,36.0,30.5,12.8,12.8,12.8,14
2533,GONYMA,9,34.9,29.9,0.0,0.0,0.0,0.0
2534,IXONIC,9,38.7,30.0,0.0,0.0,0.0,0.0
2534A,APORNE,9,36.8,23.8,0.0,0.0,0.0,0.0
2534B,DACRCO,9,38.5,25.6,0.0,0.0,0.0,0.0
2535,PTYCCO,9,40.0,21.3,0.0,0.0,0.0,0.0
2536,DILLSU,10,0.7,21.9,0.0,0.0,0.0,0.0
2537,CALOTE,10,8.7,23.2,0.0,0.0,0.0,0.0
2538,EUGEC1,10,7.0,24.7,0.0,0.0,0.0,0.0
2539,LITHCU,10,3.5,29.0,0.0,0.0,0.0,0.0
2540,HORSPO,10,3.8,31.1,0.0,0.0,0.0,0.0
2541,NEOSKI,10,1.8,35.1,32.4,33.0,33,34.2
2541A,HORSPS,10,1.0,32.4,12.9,12.9,13,13.3
2541B,HUNTZE,10,0.5,35.0,12.0,12.3,12.5,12.8
2542,XANTAF,10,0.7,35.7,0.0,0.0,0.0,0.0
2543,APORPE,10,0.6,38.8,0.0,0.0,0.0,0.0
2544,CANAPA,10,0.7,39.3,0.0,0.0,0.0,0.0
2545,TRI2MA,10,2.9,39.8,0.0,0.0,0.0,0.0
2546,SANTLA,10,9.8,37.3,16.2,16.4,16.5,16.8
2547,QUERAR,10,10.3,39.6,68.7,6.9,69.6,69.6
2547A,AGLAE1,10,8.5,39.1,13.3,13.3,13.6,14.1
2548A,DACRRO,10,8.3,35.0,15.4,15.6,15.6,15.7
2549,DACRR1,10,12.7,33.1,17.1,18.1,18.4,18.5
2550,CROTLA,10,15.5,35.7,0.0,0.0,0.0,0.0
2552,MESUGR,10,19.5,33.6,38.4,38.7,38.9,40.1
2553,EUGEDE,10,16.2,30.4,0.0,0.0,0.0,0.0
2554,GANUSN,10,19.8,38.7,15.0,15.0,14.9,0.0
2554A,SANTLA,10,19.5,38.5,12.3,12.9,13.8,0.0
2555,ARTORI,10,13.1,28.8,28.8,28.4,29.2,30.2
2556,KNEMMA,10,12.3,28.8,14.8,14.2,15.4,15.7
2557,DIOSBU,10,12.4,27.9,23.9,24.6,25.2,27.25
2558,EUGEFI,10,12.3,28.0,0.0,0.0,0.0,0.0
2559,POMEPA,10,14.1,26.0,49.5,50.9,52.1,52.1
2559A,INTSPA,10,15.0,27.4,10.5,11.0,11.5,12.5
2560,GREWAN,10,19.1,25.6,0.0,0.0,0.0,0.0
2561,MESUGR,10,16.3,21.5,0.0,0.0,0.0,0.0
2562,DIOSAP,10,16.1,23.6,0.0,0.0,0.0,0.0
2563,SHORAC,10,14.6,21.5,43.5,45.0,45.8,45.9
2563A,EUGERI,10,18.1,21.2,0.0,12.0,12,12.7
2564,KNEMSC,10,14.0,21.4,21.4,22.5,22.6,23.2
2565,DRYPLO,10,11.8,20.9,15.5,0.0,0.0,0.0
2566,MACALO,11,7.1,40.3,15.2,15.9,15.9,16
2567,MACALO,11,10.6,40.5,0.0,0.0,0.0,0.0
2568,SCA1SP,11,9.4,44.4,0.0,0.0,0.0,0.0
2569,BOUEMA,11,10.5,46.0,36.1,35.8,36.2,36.6
2569A,PSYD10,11,10.8,47.3,11.8,12.0,12,12.1
2569B,EUGENA,11,11.5,48.5,14.1,11.3,0.0,0.0
2569C,NEOSKI,11,13.4,47.8,0.0,11.5,11.9,12.1
2570,DACRR1,11,9.1,47.1,19.2,22.4,22.7,23.1
2570A,CALOTE,11,5.2,47.1,21.6,0.0,0.0,0.0
2570B,CINNIN,11,1.2,46.7,0.0,0.0,0.0,0.0
2570C,PTEIEC,11,2.5,46.2,12.2,12.5,13.1,13.9
2571,POL1JE,11,10.8,48.3,0.0,0.0,0.0,0.0
2572,DRYPLO,11,0.4,45.0,13.3,13.7,14,14.4
2572A,ARTORI,11,3.0,43.8,15.3,16.0,12,15.8
2572B,DIOSAP,11,0.0,0.0,0.0,0.0,0.0,0.0
2572C,PORTAN,11,0.5,42.2,0.0,0.0,0.0,0.0
2572D,IXONIC,11,3.7,40.4,21.2,22.5,23.7,24.9
2572E,EUGEPU,11,3.8,44.4,0.0,10.2,11,11.4
2573,BEILDI,11,9.4,57.4,0.0,0.0,0.0,0.0
2574,DIALPA,11,5.1,57.3,17.0,17.4,17.5,17.5
2575,EUGEFI,11,3.3,55.3,20.5,20.8,21.2,21.4
2575A,SHORP1,11,1.2,56.2,27.2,29.1,30.5,30.8
2575B,PAYELU,11,6.5,56.2,12.3,12.9,13.5,13.6
2575C,APORAU,11,5.4,53.4,11.8,11.9,12,12.2
2576,HERISI,11,1.3,57.8,20.8,20.8,20.7,0.0
2577,XYLOFE,11,2.5,59.7,0.0,0.0,0.0,0.0
2578,MALLPE,11,12.2,57.8,23.8,23.7,23.8,24.1
2578A,,11,,,23.8,13.9,13.9,12.9
2579,HORSS2,11,2.4,57.8,0.0,0.0,0.0,0.0
2580,MANGQU,11,12.8,56.0,0.0,0.0,0.0,0.0
2580A,LITSNI,11,0.0,0.0,0.0,0.0,0.0,0.0
2581,EUGEPR,11,13.6,55.4,0.0,0.0,0.0,0.0
2582,BOUEMA,11,14.4,54.0,0.0,0.0,0.0,0.0
2583,XYLOM2,11,15.1,53.3,0.0,0.0,0.0,0.0
2585,CANALR,11,15.4,57.5,0.0,0.0,0.0,0.0
2586,APORBR,11,17.8,59.2,0.0,0.0,0.0,0.0
2587,MADHL1,11,19.0,55.3,13.2,13.5,14.2,14.3
2588,BEILDI,11,18.0,52.9,0.0,0.0,0.0,0.0
2589,BEILDI,11,18.0,50.9,0.0,0.0,0.0,0.0
2589A,ARCHCL,11,15.5,51.0,14.6,12.8,12.7,15.5
2590,PEN1MO,11,16.5,48.7,66.5,66.8,67.2,67.4
2590A,XANTAF,11,16.3,49.0,10.5,10.6,10.7,10.9
2591,KIBAAR,11,19.5,46.4,17.4,17.4,17.5,17.6
2592,KNEMHO,11,20.0,45.1,13.3,13.0,12.8,12.9
2593,XYLOM2,11,18.5,43.1,0.0,0.0,0.0,0.0
2593A,PIMEGR,11,14.4,41.3,23.5,24.1,24.4,25.4
2619,SCA1SP,12,0.0,0.0,0.0,0.0,0.0,0.0
2594,RYPAAC,12,23.6,42.0,16.8,17.1,17.4,18.6
2595,CANALT,12,24.8,42.3,15.3,15.1,15.2,15.2
2596,SHORM2,12,27.4,42.4,18.7,18.5,18.8,18.8
2597,ATUNEX,12,25.7,44.4,0.0,0.0,0.0,0.0
2598,LEPISE,12,28.2,46.2,20.6,21.3,21.7,21.8
2599,DACRR1,12,27.9,48.0,0.0,0.0,0.0,0.0
2600,EUGEPR,12,28.5,48.8,0.0,0.0,0.0,0.0
2601,ANI1LA,12,23.4,46.2,21.1,21.5,21.7,22.5
2602,ALANRI,12,21.6,46.1,0.0,0.0,0.0,0.0
2603,ANI1LA,12,25.3,51.9,31.1,32.2,33.2,35.1
2603A,LEPISE,12,0.0,0.0,0.0,0.0,0.0,0.0
2604,LANSDO,12,23.7,55.2,0.0,0.0,0.0,0.0
2604A,TRIOMA,12,25.8,55.2,16.0,17.8,19.3,21.2
2604B ,PYREAC,12,23.5,57.0,16.2,16.9,17.2,17.8
2605,CALODI,12,24.5,57.5,0.0,0.0,0.0,0.0
2606,SHORP2,12,24.2,58.0,0.0,0.0,0.0,0.0
2607,APORBR,12,28.3,56.2,0.0,0.0,0.0,0.0
2607A,EUGESU,12,28.4,57.4,0.0,0.0,0.0,0.0
2607B,GREWMI,12,31.2,57.4,0.0,0.0,0.0,0.0
2608,IXONIC,12,31.9,56.5,0.0,0.0,0.0,0.0
2609,ANI1LA,12,33.0,55.6,0.0,0.0,0.0,0.0
2610,MESUGR,12,36.0,56.7,0.0,0.0,0.0,0.0
2610A,KNEMLA,12,37.6,58.7,0.0,11.5,11.4,11.6
2611,BACCPY,12,38.7,56.7,0.0,0.0,0.0,0.0
2612,SANDKO,12,34.3,49.2,22.4,22.7,22.9,23.2
2612A,DACRR1,12,36.2,57.0,10.4,10.4,10.3,10.5
2613,SCA1SP,12,35.2,48.2,13.0,13.0,11.4,11.9
2614,MEL1AU,12,35.2,47.0,27.8,28.8,28.4,29.7
2614A,MACALO,12,35.5,46.4,0.0,11.0,11.1,11.5
2614B,CROTLA,12,36.6,47.2,0.0,11.0,10.6,10.9
2615,BEILKU,12,34.7,45.9,15.0,14.7,15.2,15.9
2616,RYPAAC,12,32.0,46.7,12.9,13.0,13,13.2
2617,ALANRI,12,31.6,49.8,23.4,23.7,24.2,24.8
2618,CANALR,12,30.9,43.5,22.5,22.3,22.8,23.8
2618A,EUGEO1,12,30.8,40.4,10.8,10.9,10.9,11.3
2620,DIOSBU,12,20.4,44.2,0.0,0.0,0.0,0.0
2620A,AAAAAA,12,0.0,0.0,0.0,0.0,0.0,0.0
2620B,MILLAT,12,0.0,0.0,0.0,0.0,0.0,0.0
2621,SHORM1,12,38.1,41.1,0.0,0.0,0.0,0.0
2622,DACRR1,13,42.4,42.7,0.0,0.0,0.0,0.0
2623,DIOSBU,13,44.4,40.1,0.0,0.0,0.0,0.0
2623A,CANTDI,13,46.7,41.5,0.0,0.0,0.0,0.0
2624,LITHCU,13,47.7,43.4,0.0,0.0,0.0,0.0
2625,XANTAM,13,47.7,45.1,0.0,0.0,0.0,0.0
2626,DIPTC1,13,48.4,45.1,0.0,0.0,0.0,0.0
2627,MACALO,13,52.7,44.2,0.0,0.0,0.0,0.0
2627A,MACALO,13,53.1,45.7,0.0,0.0,0.0,0.0
2628,POL1OB,13,54.3,44.5,0.0,0.0,0.0,0.0
2629,SYMPC2,13,47.7,48.3,0.0,0.0,0.0,0.0
2629A,BUCHSE,13,50.1,48.6,0.0,0.0,0.0,0.0
2630,KOILLO,13,49.3,51.3,0.0,0.0,0.0,0.0
2631,PTYCCO,13,52.3,51.7,0.0,0.0,0.0,0.0
2631A,CROTLA,13,0.0,0.0,0.0,0.0,0.0,0.0
2632,XANTEU,13,46.4,54.9,14.6,14.6,14.6,29.5
2632A,ARCHBU,13,44.5,54.2,15.1,16.4,17.5,19
2632B,CROTLA,13,42.4,53.2,20.8,21.0,21.1,21.4
2632C,AIDIWA,13,42.0,51.5,23.5,24.9,28.1,29.8
2633,TRI3LA,13,41.3,55.1,0.0,0.0,0.0,0.0
2634,SANTAP,13,42.0,59.4,19.8,19.9,19.7,20.1
2634A,TRI3LA,13,40.2,59.0,11.5,11.5,11.4,11.8
2635,PTYCCO,13,45.4,59.7,12.3,12.3,12.7,12.3
2635A,SHORAC,13,44.8,58.3,41.8,41.8,43.9,44.8
2636,MESUFE,13,57.3,57.3,0.0,0.0,0.0,0.0
2636A,SHORL1,13,54.1,56.3,15.0,18.0,21.3,27.6
2636B,DACRR1,13,53.8,58.4,15.5,16.6,17.3,18.3
2637,POMEPA,13,58.0,40.3,52.5,52.6,52.8,52.8
2639,LEPISE,13,58.3,46.3,0.0,0.0,0.0,0.0
2640,DIOSAP,13,57.3,41.7,0.0,0.0,0.0,0.0
2641,KOOMMA,13,56.8,41.8,0.0,0.0,0.0,0.0
2642,DIPLMA,14,60.4,50.4,0.0,0.0,0.0,0.0
2642A,MACALO,14,78.3,49.7,0.0,0.0,0.0,0.0
2642B,QUERAR,14,64.9,43.1,0.0,0.0,0.0,0.0
2642C,CALOMA,14,0.0,0.0,0.0,0.0,0.0,0.0
2643,LITHCU,14,61.7,53.0,17.3,17.3,0.0,0.0
2643A,AAAAAA,14,62.4,48.3,12.9,0.0,0.0,0.0
2643B,SAPIBA,14,62.6,50.2,18.5,21.1,23.1,24.5
2643C,EUGERI,14,63.0,53.1,13.5,14.1,14.2,14.5
2644,DIPTC1,14,65.8,52.5,0.0,0.0,0.0,0.0
2645,VATIBE,14,66.7,52.1,0.0,0.0,0.0,0.0
2645A,DIOSSI,14,67.7,51.1,12.5,12.5,12.4,12.8
2646,PAR1OB,14,64.5,54.5,22.0,22.0,0.0,0.0
2647,GIRONE,14,66.1,55.1,0.0,0.0,0.0,0.0
2648,ARCHBU,14,69.9,50.1,0.0,0.0,0.0,0.0
2648A,SANDKO,14,72.7,48.2,17.8,1.5,17.4,17.6
2648B,LITHCU,14,69.2,48.0,12.9,13.2,14.1,17.9
2648C,GYNOAX,14,66.5,47.5,29.5,31.1,32.1,33.5
2648D,BEILDI,14,67.2,50.0,12.8,13.2,13,13.4
2648E,MYRIM3,14,66.0,59.5,11.2,8.6,11.4,11.8
2649,GLUTM2,14,73.4,52.3,62.9,63.2,64.2,64.3
2649A,RYPAKU,14,72.6,50.5,16.0,16.7,16.4,16.8
2649B,PIMEGR,14,72.5,52.0,13.2,13.7,13.9,14.3
2649C,SHORM2,14,71.4,52.2,14.8,15.2,16.5,16.7
2650,ORMOPE,14,75.5,48.4,65.4,67.2,68.4,68.4
2650A,NEOBHE,14,0.0,0.0,0.0,0.0,0.0,0.0
2651,CANAPA,14,71.6,54.9,0.0,0.0,0.0,0.0
2651A,NAUCOF,14,75.9,47.3,0.0,0.0,0.0,0.0
2652,DIPLMA,14,77.6,55.3,16.8,16.9,17.2,17.7
2653,PAROVA,14,78.8,57.8,21.1,21.2,21.4,22.1
2654,QUERAR,14,79.5,53.0,0.0,0.0,0.0,0.0
2655,SHORM2,14,79.0,47.4,0.0,0.0,0.0,0.0
2656,KNEMSC,14,79.1,45.2,0.0,0.0,0.0,0.0
2657,MANGQU,14,76.7,44.2,15.2,15.2,15.2,15.1
2657A,PORTAN,14,75.8,44.5,14.3,14.7,15,15.4
2657B,NOTHUM,14,72.5,45.0,12.2,12.5,12.8,13.2
2657C,STYRBE,14,75.2,40.5,17.8,19.6,19,22.2
2657D,POL1HY,14,72.6,40.5,24.8,25.9,26.5,27.3
2658,TRI2MA,14,78.1,42.9,0.0,0.0,0.0,0.0
2659,SHORP1,14,80.0,42.0,0.0,0.0,0.0,0.0
2660,HOPEME,15,88.5,41.4,0.0,0.0,0.0,0.0
2661,SHORM2,15,85.8,42.7,0.0,0.0,0.0,0.0
2662,VATIBE,15,85.8,45.0,15.1,15.3,15.3,15.4
2662A,MESUFE,15,85.0,45.7,14.6,13.8,14.9,15.3
2662B,MACATR,15,81.2,45.6,0.0,11.7,12.1,12.3
2662C,,15,,,0.0,0.0,11.3,11.3
2663,SHORM2,15,86.6,45.2,0.0,0.0,0.0,0.0
2664,AAAAAA,15,0.0,0.0,0.0,0.0,0.0,0.0
2665,KNEMMA,15,89.5,48.5,0.0,0.0,0.0,0.0
2666,INTSPA,15,88.1,51.2,40.5,40.8,40.3,40.8
2666A,ARTOIS,15,86.6,49.0,15.1,15.7,15.9,16
2666B,PIMELO,15,90.8,49.2,13.5,13.7,13.4,13.8
2666C,DIOSBU,15,91.5,51.1,11.6,12.0,12.1,12.3
2667,MANGQU,15,90.2,48.0,0.0,0.0,0.0,0.0
2667A,MONOMA,15,97.0,52.0,15.7,17.8,19.1,19.3
2668,QUERAR,15,86.2,54.2,0.0,0.0,0.0,0.0
2669,MANGQU,15,85.8,59.6,60.2,63.5,64.7,64.7
2669A,GARCMA,15,84.4,59.2,16.7,11.6,11.6,11.4
2670,EUGEFL,15,87.1,58.7,40.0,40.6,40.6,46.1
2671,TEIJCO,15,89.9,59.5,55.9,60.0,52.3,52.5
2672,HOPEME,15,93.1,53.3,0.0,0.0,0.0,0.0
2673,HORSPO,15,95.2,53.9,0.0,0.0,0.0,0.0
2674,HORSPO,15,97.8,52.6,0.0,0.0,0.0,0.0
2674A,AGLASP,15,97.2,51.2,0.0,10.8,10.8,11.7
2675,MYRIM1,15,99.1,54.5,0.0,0.0,0.0,0.0
2676,XANTST,15,96.3,59.5,42.6,44.1,45.5,45.7
2676A,NEOSKI,15,94.8,57.0,10.8,11.0,10.8,11.3
2677,RYPAKU,15,90.2,48.0,0.0,0.0,0.0,0.0
2677A,SANTAP,15,96.6,45.9,0.0,0.0,0.0,0.0
2677B,TEIJCO,15,99.4,41.8,14.1,14.0,14,15.3
2677C,LITHRA,15,97.8,44.0,26.8,29.0,30.7,32.4
2677D,SHORP1,15,97.2,44.2,14.5,13.3,15.5,18.3
2677E,VATIOD,15,97.0,44.6,16.8,11.7,11.7,12
2677F,ALPHEL,15,95.2,45.8,12.8,13.5,13.5,14
2678,KNEMMA,15,90.3,48.0,0.0,0.0,0.0,0.0
2679,SHORM2,15,93.0,44.4,16.1,15.9,16.2,16.6
2680,TEIJCO,15,91.5,42.3,0.0,0.0,0.0,0.0
2681,EUGESP,16,84.1,61.9,0.0,0.0,0.0,0.0
2682,DIPTC1,16,85.1,61.6,41.5,42.0,42.6,44
2682A,MEMEO1,16,81.0,62.0,14.8,14.6,15.9,14.8
2682B,GYNOMA,16,0.0,0.0,0.0,0.0,0.0,0.0
2682C,GARCMA,16,0.0,0.0,0.0,0.0,0.0,0.0
2682D,PELLSA,16,80.5,60.5,16.0,16.2,16.3,16.47
2683,XANTEU,16,90.4,70.2,14.5,14.5,14.4,12.5
2683A,MONOMA,16,95.6,60.2,13.9,13.3,14.4,14.4
2683B,SANTLA,16,93.3,60.2,12.6,12.8,13,13.4
2684,PORTAN,16,90.3,64.5,0.0,0.0,0.0,0.0
2685,XANTEU,16,84.8,69.7,11.9,11.8,11.9,12
2686,MESUFE,16,80.9,71.3,36.4,36.7,37,37.7
2687,DIPTC1,16,80.1,71.9,79.0,79.6,80.2,80.2
2688,MESURA,16,81.3,73.5,25.2,25.5,25.5,25.8
2689,MEL1FU,16,86.5,72.2,0.0,0.0,0.0,0.0
2690,OCHAAM,16,85.1,71.7,0.0,15.1,15,15.4
2691,KNEMST,16,87.8,78.9,31.8,32.5,33.1,30.4
2692,SANTTO,16,87.9,79.4,0.0,0.0,0.0,0.0
2693,DACRLA,16,87.7,76.7,14.0,14.0,14.2,14.4
2694,SCA2MA,16,89.0,76.4,0.0,0.0,0.0,0.0
2695,CYNOMA,16,89.9,75.6,59.0,59.2,60.1,60.1
2696,ELAENI,16,91.8,68.4,28.3,28.3,28.3,28.3
2696A,DRYPKI,16,90.5,72.0,12.2,12.3,12.6,13.2
2697,CASTSC,16,90.3,67.1,0.0,0.0,0.0,0.0
2698,BACCSU,16,96.2,73.1,18.4,18.5,18.2,0.0
2698A,SHOROV,16,95.8,74.6,36.6,38.3,39.8,41.1
2698B,ARTOIS,16,94.6,76.5,14.4,14.7,15.3,15.7
2698C,PTEREC,16,92.7,76.0,0.0,0.0,0.0,0.0
2699,ARCHBU,16,93.6,68.3,21.8,23.0,22.5,24.2
2699A,SHORAC,16,93.3,70.3,21.9,23.1,24.9,26.2
2700,HERIEL,16,98.5,65.2,14.0,14.1,14.5,14.9
2701,PAR2DE,16,100.0,61.7,0.0,0.0,0.0,0.0
2702,MANGQU,16,98.8,60.9,0.0,0.0,0.0,0.0
2703,HORSS2,16,97.9,60.8,0.0,0.0,0.0,0.0
2704,ARTOIS,16,94.5,60.0,0.0,0.0,0.0,0.0
2723,XANTEU,17,75.2,77.6,2.9,9.9,0.0,0.0
2705,CALODI,17,60.3,60.3,26.2,26.4,26.4,26.8
2706,CYATRA,17,69.5,60.7,33.6,33.6,33.1,23.8
2707,BARRPE,17,69.0,65.5,28.4,28.6,28.6,28.8
2708,NEOSKI,17,64.6,64.8,0.0,0.0,0.0,0.0
2709,DACRLA,17,64.3,65.2,14.7,11.8,11.7,11.8
2710,SHORAC,17,62.5,63.2,54.0,57.3,58.2,60.6
2711,NEOUFO,17,61.8,67.0,0.0,0.0,0.0,0.0
2712,MONOMA,17,63.3,68.9,19.4,19.5,19.8,20.2
2713,DIOSMA,17,64.1,69.1,18.0,18.0,18,18.1
2714,SINDWA,17,62.9,72.0,44.6,44.9,45,45.5
2715,MILLAT,17,67.5,71.9,13.6,13.6,13.8,14.2
2716,MESURA,17,60.0,72.3,0.0,0.0,0.0,0.0
2717,PORTAN,17,60.2,75.3,0.0,0.0,0.0,0.0
2717A,AGLAGL,17,62.4,74.6,0.0,10.5,10.8,11.2
2718,SHORM1,17,62.8,77.0,23.8,24.2,24.9,26.1
2719,MILLAT,17,62.2,78.4,11.9,12.1,12.5,12.4
2719A,CANTDI,17,63.8,78.1,20.6,20.7,20.7,20.6
2720,HOPEME,17,70.5,70.5,0.0,0.0,0.0,0.0
2720A,KNEMLA,17,70.6,70.2,11.3,11.9,12,12.5
2721,ALANRI,17,70.2,77.1,0.0,0.0,0.0,0.0
2722,PTYCCO,17,73.7,77.1,0.0,0.0,0.0,0.0
2724,ELAERU,17,75.8,77.3,31.5,41.2,41.2,43.2
2724A,CANTDI,17,78.7,77.1,12.4,16.8,16.6,16.7
2724B,,17,,,0.0,0.0,0.0,10.1
2725,MANGG2,17,76.2,71.4,43.8,44.5,45.2,46.4
2726,XANTEU,17,78.5,70.1,0.0,0.0,0.0,0.0
2727,GANUSN,17,79.0,70.4,0.0,0.0,0.0,0.0
2728,EUGEPU,17,71.8,68.2,14.7,14.9,14.9,14.9
2728A,NEPHCO,17,72.5,67.0,11.7,11.8,11.7,11.9
2729,SHORM1,17,74.3,66.9,26.2,26.8,27.8,28.2
2730,CYATRA,17,71.8,64.5,0.0,0.0,0.0,0.0
2731,BACCRE,17,71.3,62.3,16.7,16.8,17,17.3
2732,PORTAN,17,74.6,61.1,0.0,0.0,0.0,0.0
2732A,AAAAAA,17,0.0,0.0,0.0,0.0,0.0,0.0
2733,DRYPLO,17,72.7,60.2,14.0,14.6,15.1,16.1
2734,VATIBE,18,49.3,62.9,18.2,18.7,19,19.3
2735,EUGEC1,18,51.9,63.8,0.0,0.0,0.0,0.0
2735A,MONOMA,18,0.0,0.0,0.0,0.0,0.0,0.0
2736,XANTRU,18,45.9,63.6,24.0,24.0,24,24.2
2736A,MACALO,18,45.0,62.3,11.0,11.1,11.1,11.2
2737,EUGEO1,18,45.8,64.9,55.8,56.0,56.9,56.9
2737A,SHORM2,18,46.2,66.2,13.8,14.1,15,15.4
2738,BEILM2,18,46.9,65.6,0.0,0.0,0.0,0.0
2738A,DACRRO,18,48.0,64.0,11.5,11.6,11.6,11.8
2739,MESURA,18,42.1,71.7,0.0,0.0,0.0,0.0
2740,CANTDI,18,41.4,71.6,20.5,0.0,0.0,0.0
2740A,NEPHER,18,0.0,0.0,0.0,0.0,0.0,0.0
2740B,CANTDI,18,42.4,70.4,14.5,14.6,0.0,0.0
2741,BARRPE,18,43.1,75.9,17.2,17.2,17.2,17.3
2741A,SHORL2,18,41.5,78.2,57.3,58.7,61.8,61.8
2742,DIOSBU,18,54.0,72.2,15.1,15.2,15.2,15.3
2742A,POL1RU,18,51.8,73.0,10.2,10.4,10.5,11
2743,MONOMA,18,54.0,71.4,33.6,34.2,34.8,26.9
2743A,GIROPA,18,48.4,71.7,11.3,11.4,11.2,11.3
2744,ALPHMA,18,56.1,72.7,0.0,0.0,0.0,0.0
2745,SHORM2,18,57.3,73.0,93.2,93.3,93.8,93.8
2746,CANALT,18,56.4,71.4,0.0,0.0,0.0,0.0
2747,ANTICO,18,57.8,73.4,20.4,20.5,20.6,20.3
2748,GIRONE,18,53.2,77.8,0.0,0.0,0.0,0.0
2748A,GARCEU,18,48.3,77.5,42.6,44.0,45.1,46.8
2748B,CYATRA,18,47.7,77.4,17.8,18.3,0.0,0.0
2749,ARTOLO,18,55.1,76.2,0.0,20.0,20.1,20.1
2749A,PAYELU,18,54.0,76.0,12.1,12.1,12.1,12.2
2749B,PAROVA,18,53.2,76.2,11.9,12.0,12.1,12.2
2749C,,18,,,11.9,12.3,12.3,12.7
2750,PIMEGR,18,58.2,79.4,0.0,0.0,0.0,0.0
2751,PAROVA,18,58.5,68.4,14.4,14.5,14.4,14.5
2752,HOPEME,18,58.2,68.1,0.0,0.0,0.0,0.0
2752A,DIOSAP,18,56.2,68.8,15.7,13.9,13.1,14.2
2752B,SHORL2,18,0.0,0.0,0.0,0.0,0.0,0.0
2753,EUGEPU,18,59.5,62.2,0.0,0.0,0.0,0.0
2754,VATIBE,19,26.2,61.0,0.0,0.0,0.0,0.0
2754A,POL1SC,19,0.0,0.0,0.0,0.0,0.0,0.0
2754B,MEL1AN,19,23.5,62.6,10.6,10.6,10.6,10.8
2754C,NEOSMI,19,,,0.0,0.0,10.8,11
2755,HOPEME,19,29.9,66.6,0.0,0.0,0.0,0.0
2756,CHISTO,19,28.3,68.0,0.0,0.0,0.0,0.0
2757,XANTEU,19,29.7,71.5,0.0,0.0,0.0,0.0
2758,CROTAR,19,28.0,71.5,0.0,0.0,0.0,0.0
2760,XANTEU,19,25.0,73.7,0.0,0.0,0.0,0.0
2761,SHORP2,19,23.6,75.1,0.0,0.0,0.0,0.0
2762,LITHEW,19,20.4,78.5,0.0,0.0,0.0,0.0
2763,XERONO,19,25.6,78.7,24.3,25.2,25.1,25.5
2763A,EUGEP4,19,24.2,77.6,24.6,25.5,27.2,29.6
2763B,ARTOKE,19,26.2,75.4,14.1,11.1,11.2,11.2
2764,CROTAR,19,26.9,79.1,0.0,0.0,0.0,0.0
2765,XANTGR,19,30.8,78.4,0.0,0.0,0.0,0.0
2766,CRY1GR,19,32.8,75.9,0.0,0.0,0.0,0.0
2767,PTYCCO,19,33.1,75.4,0.0,0.0,0.0,0.0
2768,DRYPLO,19,33.6,75.1,11.6,11.6,0.0,0.0
2768A,POL1JE,19,33.1,74.0,14.5,15.2,13.2,15.2
2769,NEPHMA,19,35.2,76.0,0.0,0.0,0.0,0.0
2770,DIPTC1,19,35.8,78.1,0.0,0.0,0.0,0.0
2771,SHORM1,19,35.0,79.6,24.5,24.5,24.4,24.5
2771A,LITHEW,19,33.2,79.4,0.0,10.5,10.8,11.4
2772,CANTDI,19,37.9,74.8,0.0,0.0,0.0,0.0
2773,GANUSN,19,39.3,74.4,15.0,15.0,15,15.2
2774,LITHEW,19,39.3,69.4,0.0,0.0,0.0,0.0
2774A,SHORBR,19,34.1,69.5,25.3,25.9,26.8,27.8
2774B,PORTAN,19,35.0,69.4,16.3,19.3,19.8,20.5
2774C,SHORAC,19,36.2,72.0,26.0,26.9,27.9,29.4
2775,DIPTC1,19,37.4,66.2,12.8,12.8,12.6,12.7
2775A,XERONO,19,36.4,67.2,12.0,12.1,12.4,12.8
2775B,SHORM1,19,38.8,67.4,10.8,10.9,10.9,11.5
2776,MESUFE,19,38.7,64.5,18.3,18.5,18.6,18.8
2777,BUCHSE,19,36.1,61.4,0.0,0.0,0.0,0.0
2777A,NEOBHE,19,37.0,62.4,23.1,24.0,24.6,25.7
2777B,GIRONE,19,34.4,70.1,30.8,31.1,31.7,32.8
2777C,SHORP2,19,33.5,60.6,10.5,11.7,10.5,10.7
2778,MANGQU,20,4.5,62.7,12.0,12.0,11.9,12
2778A,MACACO,20,1.2,64.0,13.1,14.9,16.7,18.8
2779,EUGEC1,20,7.3,61.9,0.0,0.0,0.0,0.0
2780,MESURA,20,10.0,63.0,17.1,17.0,17,17.1
2781,POPOTC,20,9.8,64.0,15.1,15.6,15.4,15.4
2782,EUGEC4,20,8.8,66.7,0.0,0.0,0.0,0.0
2783,MANGQU,20,7.3,68.9,0.0,0.0,0.0,0.0
2783A,ANTICO,20,3.3,71.8,0.0,0.0,0.0,0.0
2784,BACCRA,20,2.4,68.1,0.0,0.0,0.0,0.0
2785,LANSDO,20,5.4,76.8,0.0,0.0,0.0,0.0
2786,PORTAN,20,8.4,75.4,0.0,0.0,0.0,0.0
2787,ARTOSC,20,8.6,77.3,32.6,32.6,32.8,32.5
2788,SHORM2,20,10.1,71.0,0.0,0.0,0.0,0.0
2788A,BLUMTO,20,6.8,67.2,15.0,15.8,0.0,0.0
2788B,MACACO,20,6.1,69.2,11.0,13.5,16,16
2789,DIPTKU,20,10.5,67.1,0.0,0.0,0.0,0.0
2790,BUCHSE,20,10.7,76.2,0.0,0.0,0.0,0.0
2791,DACRR1,20,13.4,78.3,0.0,0.0,0.0,0.0
2792,HORSFL,20,15.5,77.3,0.0,0.0,0.0,0.0
2793,EUGEC1,20,15.5,75.3,0.0,0.0,0.0,0.0
2794,SHORP2,20,17.6,74.4,22.2,22.9,24.5,24.9
2795,LANSDO,20,17.4,73.7,12.4,12.5,12.5,12.7
2795A,SINDWA,20,13.1,72.9,31.3,32.8,34.5,36.5
2795B,MESURA,20,13.5,73.0,12.7,12.7,0.0,0.0
2796,AAAAAA,20,0.0,0.0,0.0,0.0,0.0,0.0
2797,LITHCU,20,10.9,73.9,0.0,0.0,0.0,0.0
2798,ONCOMO,20,12.8,63.9,0.0,0.0,0.0,0.0
2799,NEOSKI,20,19.2,64.0,0.0,0.0,0.0,0.0
2800,DACRCO,20,19.6,64.6,23.0,23.5,23.8,24.5
2800A,SANTLA,20,11.2,64.2,44.8,46.9,49.3,51.7
2800B,SCA1SP,20,18.8,65.2,10.7,10.8,10.6,10.8
2801,KNEMKU,20,18.2,61.0,0.0,0.0,0.0,0.0
2801A,SCA2LI,20,19.2,60.9,0.0,0.0,0.0,0.0
2802,NAUCOF,20,16.1,61.2,32.0,31.8,32,32.5
2803,ALANRI,20,13.6,60.9,18.4,18.7,19,19
2803A,MESURA,20,13.2,61.5,12.2,13.0,13.6,14.1
2803B,MADHCU,20,14.0,62.4,10.8,10.5,10.6,10.8
2804,KNEMSC,21,2.3,82.3,0.0,0.0,0.0,0.0
2804A,ACROPO,21,1.6,81.3,0.0,13.8,14,0.0
2805,IXONIC,21,8.1,80.6,39.3,39.8,39.7,40.1
2805A,SHORL1,21,4.6,80.5,30.5,34.4,37.7,37.8
2805B,ARCHBU,21,5.1,82.0,13.0,14.7,15.4,17.5
2805C,CYNOMA,21,5.0,84.2,16.0,16.9,10.7,10
2805D,MEMEEX,21,0.6,83.5,11.0,11.0,11.2,11.1
2805E,,21,,,0.0,0.0,0.0,11.6
2806,ALANRI,21,7.9,85.1,0.0,0.0,0.0,0.0
2807,DACRR1,21,7.9,86.0,19.2,0.0,0.0,0.0
2807A,HOPEME,21,8.8,82.8,12.5,0.0,0.0,0.0
2807B,HOPEME,21,8.8,84.0,12.5,0.0,0.0,0.0
2808,SHORAC,21,7.2,90.7,0.0,0.0,0.0,0.0
2809,IRVIMA,21,14.2,86.9,61.5,61.5,62.1,62.1
2810,CROTAR,21,9.5,86.3,0.0,0.0,0.0,0.0
2811,XANTGR,21,4.9,90.9,0.0,0.0,0.0,0.0
2812,DACRR1,21,3.4,93.0,18.7,18.9,19,19.4
2813,LITSFE,21,8.3,94.5,0.0,0.0,0.0,0.0
2814,XYLOFE,21,10.2,96.8,0.0,0.0,0.0,0.0
2814A,PIMEGR,21,11.3,95.9,24.3,24.9,25.3,25.7
2814B,PYSOGR,21,13.2,91.4,15.4,16.2,16.9,18.1
2814C,CRY1GR,21,14.0,90.0,10.8,10.9,11.1,11.6
2815,ARTOSC,21,6.1,97.6,18.6,18.6,18.7,18.7
2816,EUGEGR,21,7.0,99.4,21.7,22.1,22.3,22.4
2817,SINDVE,21,2.6,96.3,72.7,71.9,72.6,72.6
2817A,PAYELU,21,4.0,97.2,0.0,10.3,0.0,0.0
2818,DACRRO,21,1.7,96.3,16.1,16.4,16.4,17.3
2819,SANTLA,21,11.9,98.2,18.1,18.8,19.3,19.5
2820,DRYPLO,21,17.3,97.0,15.1,15.3,15.2,15.6
2821,GREWBL,21,16.4,94.0,0.0,0.0,0.0,0.0
2822,XANTEU,21,18.9,96.4,12.5,12.5,12.3,12.4
2823,BACCMI,21,16.7,86.5,0.0,0.0,0.0,0.0
2824,CANTDI,21,19.0,83.5,21.4,21.6,0.0,0.0
2825,EUGEGR,21,15.7,83.2,23.5,23.8,24.3,24.3
2826,ARCHKU,21,17.6,81.3,0.0,0.0,0.0,0.0
2827,MONOMA,21,19.2,89.7,30.5,31.0,32.4,33.1
2827A,ARCHCY,21,0.0,0.0,0.0,0.0,0.0,0.0
2827B,XANTRU,21,19.2,80.4,10.2,10.3,10.4,10.6
2849,AAAAAA,22,0.0,0.0,0.0,0.0,0.0,0.0
2828,APORPE,22,28.9,89.5,0.0,0.0,0.0,0.0
2829,MEL1FU,22,26.2,81.3,0.0,0.0,0.0,0.0
2830,PTEREC,22,28.4,85.4,33.2,3.7,33.6,34
2830A,KNEMSC,22,26.0,83.1,11.8,12.0,11.9,12.1
2831,MANGQU,22,28.7,86.0,14.5,14.8,14.8,15.2
2832,GIRONE,22,24.1,86.6,32.0,32.1,31.8,0.0
2833,MONOMA,22,20.2,88.5,36.0,36.5,37.2,37.5
2834,SHORBR,22,22.5,90.4,31.8,32.7,33.5,34.6
2834A,POL1HY,22,27.4,90.2,13.0,13.6,14.4,15.3
2834B,IXONIC,22,,,0.0,0.0,11,0.0
2835,APORBR,22,23.7,91.8,0.0,0.0,0.0,0.0
2836,MALLPE,22,27.3,92.2,15.2,15.2,15.2,0.0
2838,MEMEAM,22,24.1,94.9,0.0,0.0,0.0,0.0
2839,BUCHSE,22,26.2,96.3,0.0,0.0,0.0,0.0
2840,BARRPE,22,25.0,98.3,23.6,24.0,24.2,24.6
2841,POL1JE,22,25.9,99.6,0.0,0.0,0.0,0.0
2842,MACALO,22,20.3,98.4,0.0,0.0,0.0,0.0
2842A,MESUFE,22,20.9,97.8,0.0,0.0,0.0,0.0
2843,EUGEP3,22,31.0,95.2,102.3,102.3,103.5,103.8
2844,KNEMSC,22,30.9,99.7,16.8,17.1,17.5,17.9
2845,EUGES2,22,33.5,98.0,29.1,29.5,29.9,30
2846,CALODI,22,32.4,94.5,0.0,0.0,0.0,0.0
2848,APORBR,22,35.5,90.0,12.2,12.4,12.4,12.4
2850,BEILM2,22,36.9,98.0,13.4,13.4,13.4,13.5
2851,SHORM2,22,38.4,99.2,45.0,47.1,50.4,50.8
2852,KNEMFU,22,32.4,80.6,0.0,0.0,0.0,0.0
2853,XANTGR,22,37.2,87.2,0.0,0.0,0.0,0.0
2854,BEILM2,22,32.4,85.9,46.5,46.5,47,48.2
2855,ALPHMA,22,36.2,84.1,0.0,0.0,0.0,0.0
2856,HOPEME,22,33.5,83.6,24.0,24.9,25.6,26.4
2857,SHORP2,22,31.5,81.9,0.0,0.0,0.0,0.0
2858,XYLOFS,22,35.0,80.4,0.0,0.0,0.0,0.0
2859,GORDSI,23,41.1,81.3,17.7,17.9,18,18.2
2859A,MEL1AN,23,44.2,80.6,10.8,11.0,11,11
2860,SHORM1,23,40.8,82.9,25.7,25.7,25.7,0.0
2860A,CROTLA,23,41.7,82.5,11.7,11.8,12.2,12.3
2860B,DIOSSU,23,43.8,83.2,11.3,11.7,11.7,12.1
2861,EUGEP3,23,43.8,86.9,20.1,20.4,20.2,20.7
2862,SHORL1,23,46.5,88.4,49.4,50.7,51.4,52.5
2863,DIPTC1,23,47.1,91.9,13.0,0.0,0.0,0.0
2864,MESUFE,23,45.5,92.2,23.8,23.7,23.5,23.7
2865,EUGERI,23,40.3,91.9,0.0,0.0,0.0,0.0
2866,KNEMMA,23,40.1,93.7,35.6,35.7,35.6,35.6
2867,KNEMMA,23,42.3,95.4,11.2,11.3,11.1,11.5
2867A,DACRR1,23,40.8,95.8,0.0,0.0,0.0,0.0
2867B,SHORM1,23,43.8,96.1,18.5,18.9,19.3,20
2868,DACRR1,23,45.0,99.4,20.1,20.0,21.1,20.1
2868A,CANTDI,23,40.9,99.7,0.0,0.0,0.0,0.0
2869,PTEREC,23,49.0,97.3,16.0,16.5,17,18
2870,BACCRE,23,49.3,95.0,13.1,13.2,13.2,14.4
2870A,MIC1CA,23,51.4,95.4,10.8,10.4,10.5,10.7
2871,PEN1MO,23,53.6,99.3,0.0,0.0,0.0,0.0
2871A,MONOMA,23,52.8,99.7,0.0,10.4,12.1,12.2
2871B,AGLASP,23,54.6,97.8,0.0,11.8,10.8,11.9
2871C,MONOMA,23,53.5,99.8,0.0,10.7,11.4,11.3
2872,PAYELU,23,56.0,95.4,0.0,0.0,0.0,0.0
2873,RYPAKU,23,59.5,95.9,0.0,0.0,0.0,0.0
2873A,MEMEMI,23,59.9,99.0,11.7,11.8,11.7,11.8
2873B,ATUNPE,23,58.6,97.8,0.0,10.4,10.7,10.9
2874,MEL1FU,23,59.4,88.0,17.5,18.2,18.6,0.0
2875,CROTLA,23,54.5,89.5,0.0,0.0,0.0,0.0
2875A,SHORP1,23,56.1,91.7,0.0,0.0,0.0,0.0
2875B,PIMEGR,23,47.2,86.0,19.0,19.6,19.7,20.2
2876,PARKJA,23,54.6,87.4,0.0,0.0,0.0,0.0
2877,PIMEGR,23,50.7,89.8,0.0,0.0,0.0,0.0
2878,LITHCU,23,51.5,86.9,0.0,0.0,0.0,0.0
2879,INTSPA,23,52.3,86.0,0.0,0.0,0.0,0.0
2880,CYNOMA,23,48.9,85.6,27.1,27.6,28.6,29.5
2881,SANDKO,23,50.2,84.2,30.0,30.5,30.6,30.4
2881A,EUGEDU,23,50.7,82.9,16.0,16.1,16.4,16.6
2881B,PORTAN,23,52.2,81.2,11.8,11.8,11.6,0.0
2882,KNEMSC,23,55.1,82.7,16.2,16.7,17.2,17.4
2882A,PAYELU,23,54.2,84.1,13.9,14.4,14.4,14.4
2883,PORTAN,23,55.6,82.8,0.0,0.0,0.0,0.0
2884,NEOSKI,23,59.3,82.7,36.0,36.4,36.8,37.2
2885,PTERCO,23,59.3,83.8,0.0,0.0,0.0,0.0
2886,PAYELU,23,55.6,86.2,19.4,20.2,20.8,21.6
2886A,KNEMSC,23,48.4,88.0,11.1,11.4,11.6,11.8
2994,XANTRU,23,47.3,99.9,22.7,23.1,23.9,24.3
2887,HOPEME,24,79.7,85.0,0.0,0.0,0.0,0.0
2888,BARRPE,24,79.7,85.6,34.8,0.0,0.0,0.0
2889,SHORM2,24,60.5,89.0,24.0,24.1,24.2,0.0
2890,EUGEC1,24,63.5,87.9,0.0,0.0,0.0,0.0
2891,EUGEGR,24,68.2,89.1,0.0,0.0,0.0,0.0
2891A,MONOMA,24,67.0,90.0,27.9,29.2,30.4,31.7
2892,DACRR1,24,65.7,91.4,20.2,20.7,20.9,21.1
2893,SHOROV,24,63.5,92.0,0.0,0.0,0.0,0.0
2894,DACRR1,24,64.4,93.4,20.2,20.2,20.3,0.0
2895,MESURA,24,64.1,94.0,19.4,20.5,21.7,22.6
2896,HOPEME,24,66.7,95.7,0.0,0.0,0.0,0.0
2897,EUGEC4,24,66.5,96.1,0.0,0.0,0.0,0.0
2898,MADHL1,24,64.1,98.7,0.0,0.0,0.0,0.0
2898A,XANTEU,24,64.4,99.5,0.0,12.8,13.2,13.2
2899,CROTLA,24,61.8,98.0,0.0,0.0,0.0,0.0
2900,XYLOM1,24,70.2,87.2,0.0,0.0,0.0,0.0
2901,SHORM1,24,70.5,89.0,28.4,28.3,28.5,29
2902,DRYPLO,24,70.8,95.7,14.9,15.0,15,15.4
2903,DIPTC1,24,78.5,97.5,26.3,0.0,0.0,0.0
2904,KNEMMA,24,78.7,98.2,17.6,18.2,18.7,19.4
2906,SHORM1,24,75.9,83.2,14.2,14.5,14.7,15.2
2906A,LITSFI,24,78.3,83.0,14.2,14.4,12,0.0
2907,NAUCOF,24,73.8,81.0,12.0,12.1,12.3,12.3
2908,SHORL2,24,69.6,83.1,95.8,95.8,96.7,96.8
2909,TIMOWA,24,67.6,81.4,14.1,14.1,13.9,14.2
2989,DIOSSI,24,72.4,99.6,13.3,14.5,13.3,13.5
2910,CARABR,25,81.6,80.2,0.0,0.0,0.0,0.0
2910A,APORBR,25,82.0,81.6,9.9,13.2,13.5,13.6
2911,CASTME,25,86.4,82.6,18.9,33.2,34.5,36.7
2911A,MEMEAM,25,85.2,83.0,0.0,12.7,12.7,13.2
2911B,APORAU,25,87.4,84.0,0.0,12.1,12.4,12.8
2912,ALANRI,25,90.8,80.7,14.2,11.4,11.5,11.6
2912A,DACRR1,25,89.8,81.6,11.7,12.0,12.7,13.3
2913,STERPA,25,91.6,84.9,21.5,22.1,22.8,23.4
2914,EUGEC1,25,94.1,86.2,22.2,23.0,24.4,25.1
2914A,ELAEP3,25,93.5,85.0,12.7,12.2,13.2,13.2
2914B,ARTOKE,25,94.0,83.2,11.8,12.0,12,12.2
2914C,APORBR,25,96.0,83.5,10.1,10.2,10.4,10.4
2915,DIPLMA,25,94.3,86.8,15.1,15.8,16,16.9
2916,APORPR,25,92.1,89.2,0.0,0.0,0.0,0.0
2917,CALOTE,25,88.4,90.3,23.6,24.6,25.3,26
2918,CANTDI,25,84.2,89.8,0.0,0.0,0.0,0.0
2919,POL1RU,25,82.6,89.8,18.9,18.9,19.3,19.6
2920,EUGEC1,25,80.3,86.0,17.8,18.0,17.9,18.1
2920A,DIPTC1,25,85.3,88.2,11.4,11.4,9.7,11.6
2921,DRYPLO,25,80.7,91.6,14.9,15.0,14.9,15.1
2921A,ELLATA,25,80.4,93.4,10.9,10.8,11,11
2922,SHORM1,25,81.1,94.9,0.0,0.0,0.0,0.0
2923,SHORM1,25,82.7,95.2,17.4,18.5,19.2,20.4
2924,EUGEC1,25,83.4,96.1,16.5,16.8,17.4,18
2925,DIPTC1,25,85.0,97.6,0.0,0.0,0.0,0.0
2926,SHORP2,25,85.5,98.1,63.5,64.8,67.3,67.5
2927,GIRONE,25,86.8,95.3,14.0,14.8,14.9,15.1
2927A,SHORAC,25,,,0.0,0.0,11.8,12.6
2928,NEPHCO,25,90.4,97.5,0.0,0.0,0.0,0.0
2929,DIPTC1,25,90.5,95.1,22.0,22.1,22.2,22.3
2930,CANALR,25,93.1,95.1,61.4,61.7,61.7,61.8
2931,DYERCO,25,93.5,95.4,42.1,41.7,41.4,41.6
2932,INTSPA,25,91.4,93.7,24.2,24.1,23.9,23.8
2933,EUGESP,25,91.8,93.7,17.2,0.0,0.0,0.0
2933A,SHORM1,25,92.0,93.3,11.6,12.2,12.5,13.2
2934,SCA1SP,25,95.5,96.4,0.0,0.0,0.0,0.0
2935,DIPTC1,25,97.6,94.5,20.1,20.5,21.3,21.8
2935A,ALANEB,25,97.0,94.2,12.5,13.7,14.2,15.1
2935B,DIOSBU,25,97.3,95.5,12.0,12.6,13.4,14.3
2935C,XERONO,25,99.8,93.0,12.8,12.9,11.3,11.6
2935D,ARCHBU,25,96.4,94.1,10.1,11.0,12.3,13.4
2936,SCA2MA,25,97.7,98.9,0.0,0.0,0.0,0.0
2937,BACCRA,25,96.8,90.7,0.0,0.0,0.0,0.0
2938,CANTDI,25,96.8,87.0,0.0,0.0,0.0,0.0
2939,MONOMA,25,98.4,86.7,43.1,0.0,0.0,0.0
2939A,QUERAR,25,99.6,82.3,33.4,34.7,36.4,36.7
2939B,ELAEFE,25,0.0,0.0,26.0,0.0,0.0,0.0
2940,ELATTA,26,80.0,100.0,41.8,41.8,42.2,42.1
2940A,PORTAN,26,80.9,101.3,21.0,21.9,23.3,23.6
2940B,HOPEDR,26,83.6,104.4,12.7,13.8,15.1,16.8
2941,DIPTC1,26,88.8,105.1,35.9,37.8,37.5,38.6
2941A,ARCHBU,26,89.0,106.0,15.1,16.4,17.4,18.8
2942,MEMEMI,26,88.6,108.1,0.0,0.0,0.0,0.0
2943,MEMEMI,26,88.3,109.5,20.8,21.5,22,22.5
2943A,MEZZLE,26,89.2,108.8,14.4,14.5,14.4,14.7
2943B,PTYCCO,26,89.4,108.7,10.8,10.8,10.8,10.9
2944,SHORAC,26,83.7,111.6,0.0,0.0,0.0,0.0
2945,DIPLMA,26,81.3,107.7,0.0,0.0,0.0,0.0
2946,SANTTO,26,89.9,114.6,0.0,0.0,0.0,0.0
2947,ONCOMO,26,90.4,112.5,0.0,0.0,0.0,0.0
2948,GIRONE,26,81.7,118.6,0.0,0.0,0.0,0.0
2949,LANSDO,26,85.1,119.5,52.0,52.5,54.6,54.7
2949A,ALANEB,26,84.5,118.0,14.1,14.7,14.7,15.2
2949B,PIMEGR,26,0.0,0.0,0.0,0.0,0.0,0.0
2949C,GREWLA,26,0.0,0.0,0.0,0.0,0.0,0.0
2950,KOILLO,26,89.7,118.1,21.6,21.9,21.6,21.8
2950A,OCHAAM,26,91.1,118.5,11.1,11.5,11.7,12.8
2951,XERONO,26,92.9,117.8,0.0,0.0,0.0,0.0
2952,CHRYLA,26,97.4,119.4,34.7,35.7,36.5,37
2953,ELAERU,26,98.4,119.9,16.8,16.8,0.0,0.0
2954,BUCHSE,26,99.3,117.5,0.0,0.0,0.0,0.0
2954A,DRYPPE,26,98.9,116.9,11.3,11.3,11.3,11.6
2955,DILLSU,26,99.3,115.4,16.8,16.8,16.7,0.0
2956,ARTOFU,26,98.3,112.8,0.0,0.0,0.0,0.0
2957,APORPR,26,95.7,111.9,0.0,0.0,0.0,0.0
2957A,MONOMA,26,94.4,111.8,30.5,32.4,33.4,35.9
2958,DIPTC1,26,95.5,111.5,55.7,56.7,58.4,58.6
2958A,,26,,,0.0,0.0,14,14.3
2959,BACCPA,26,92.3,112.2,0.0,0.0,0.0,0.0
2960,MEMEO2,26,92.4,110.2,0.0,0.0,0.0,0.0
2961,RYPAKU,26,100.0,107.3,0.0,0.0,0.0,0.0
2961A,POL1GL,26,95.9,108.8,27.8,28.5,30.6,28.9
2962,KOILLO,26,98.9,100.3,0.0,0.0,0.0,0.0
2962A,MONOMA,26,96.6,102.3,24.9,26.9,27.7,28.8
2962B,MEMEAM,26,98.2,101.2,0.0,10.5,10.7,11.5
2963,SHORL2,26,93.0,101.0,38.8,0.0,0.0,0.0
2963A,APORAU,26,92.3,103.5,13.6,14.3,14.9,15.4
2964,CROTLA,27,60.6,102.5,0.0,0.0,0.0,0.0
2964A,CALOTE,27,60.8,100.3,20.6,21.0,22.1,0.0
2965,ALANRI,27,64.2,104.1,12.9,13.0,13.1,13.1
2965A,DACRR1,27,62.2,101.8,0.0,10.8,10.7,10.7
2966,SHORM2,27,68.3,104.2,25.6,25.9,27.1,26.4
2967,EUGEPU,27,69.1,108.0,17.0,17.7,18,18.2
2967A,BUCHSE,27,70.6,107.6,0.0,0.0,0.0,0.0
2967B,OCHAAM,27,79.2,109.4,15.0,15.2,15.8,16.4
2967C,SINDWA,27,66.4,107.5,14.0,14.9,15.2,16.5
2967D,BACCPY,27,67.0,107.3,14.0,0.0,0.0,0.0
2967E,DIOSRU,27,70.4,109.0,10.8,10.9,11,11.3
2968,ACROPO,27,70.8,110.3,0.0,0.0,0.0,0.0
2969,NEPHER,27,69.0,112.4,0.0,0.0,0.0,0.0
2970,CALOTE,27,71.3,112.9,17.5,17.3,0.0,0.0
2970A,BACCRE,27,67.1,112.9,0.0,0.0,0.0,0.0
2971,LEPISE,27,71.6,115.2,28.6,29.3,30.3,29.8
2971A,SYMPAD,27,72.0,114.5,17.3,17.4,17.4,17.9
2972,XYLOM2,27,63.7,114.9,0.0,0.0,0.0,0.0
2973,KIBAAR,27,63.0,113.8,0.0,0.0,0.0,0.0
2974,SHORM2,27,61.2,109.2,31.5,32.0,32.8,33.3
2975,NEOBHE,27,63.8,117.4,0.0,0.0,0.0,0.0
2976,SHORM2,27,63.3,120.0,0.0,0.0,0.0,0.0
2976A,BUCHSE,27,60.5,119.2,0.0,0.0,0.0,0.0
2977,LITHCU,27,66.7,119.9,0.0,0.0,0.0,0.0
2978,SAR1GR,27,67.1,117.4,73.7,73.7,74.2,74.8
2978A,SCA2MA,27,68.1,117.2,17.4,17.8,18.3,18.6
2979,APORNI,27,74.0,115.5,13.4,13.3,13.2,13.3
2980,ALPHMA,27,73.9,119.5,0.0,0.0,0.0,0.0
2980A,DACRR1,27,0.0,0.0,0.0,0.0,0.0,0.0
2980B,MEMEMI,27,74.5,118.2,13.0,13.2,13.2,13.4
2980C,KNEMLA,27,72.1,118.4,11.2,11.3,12.1,0.0
2981,XERONO,27,74.7,113.5,0.0,0.0,0.0,0.0
2982,ANI1LA,27,78.8,110.3,31.8,32.6,33.6,35
2982A,KNEMPA,27,79.2,119.2,13.9,13.9,14.1,14.6
2982B,HOPEME,27,78.6,118.0,11.9,12.7,12.8,13.5
2983,DACRR1,27,78.8,119.6,0.0,0.0,0.0,0.0
2984,PTEREC,27,78.8,110.1,0.0,0.0,0.0,0.0
2985,CALOWA,27,74.1,109.1,0.0,0.0,0.0,0.0
2986,PORTAN,27,78.2,105.2,0.0,0.0,0.0,0.0
2987,PIMEGR,27,75.5,101.7,0.0,0.0,0.0,0.0
2987A,SHORM1,27,76.6,102.8,30.8,31.0,33.5,35
2987B,HOPEME,27,76.0,103.5,14.6,15.8,16.6,17.9
2987C,PEN2ST,27,74.8,104.8,17.9,18.3,18.2,0.0
2987D,GIROPA,27,77.0,100.8,0.0,12.5,13.1,13.4
2988,PEN1MO,27,72.2,100.0,0.0,0.0,0.0,0.0
2990,MONOMA,28,42.8,103.9,18.0,18.0,19.6,2002
2991,MEMEMI,28,44.3,104.9,0.0,0.0,0.0,0.0
2991A,POL1JE,28,0.0,0.0,0.0,0.0,0.0,0.0
2992,IXONIC,28,46.2,104.5,0.0,0.0,0.0,0.0
2992A,BOUEMA,28,45.4,104.7,10.9,11.2,0.0,0.0
2993,INTSPA,28,49.8,103.8,45.0,45.5,44.4,45.8
2993A,CYNOMA,28,49.2,103.2,17.0,17.6,18.3,19.7
2995,GANUSN,28,49.6,100.3,0.0,0.0,0.0,0.0
2996,ARCHBU,28,50.8,101.1,0.0,0.0,0.0,0.0
2997,XANTEU,28,47.4,110.0,0.0,0.0,0.0,0.0
2998,XANTEU,28,49.9,108.2,15.8,16.0,15.7,0.0
2998A,XANTEU,28,40.0,100.0,11.3,11.4,11.2,0.0
2999,APORAR,28,49.5,108.3,0.0,0.0,0.0,0.0
3000,NEPHER,28,41.6,108.3,18.6,18.9,18.5,18.7
3000A,CROTLA,28,42.2,105.8,0.0,15.9,16.3,17.3
3001,DACRR1,28,42.6,116.5,0.0,0.0,0.0,0.0
3001A,CASTME,28,40.4,118.0,12.1,12.9,13.5,14.2
3002,SHORM2,28,44.3,115.9,14.7,14.7,14.8,14.8
3002A,LITHWA,28,44.7,113.1,31.0,32.4,33.6,34.8
3002B,CALOSO,28,47.6,113.1,10.6,10.8,11.1,11.3
3002C,PIMEGR,28,48.4,115.2,13.7,14.2,14.3,15
3003,CALOWA,28,48.7,117.1,0.0,0.0,0.0,0.0
3003A,RYPAKU,28,48.4,111.4,12.1,12.3,12.4,12.2
3003B,SINDEC,28,48.6,115.2,18.4,18.8,19.4,20.3
3003C,DIPLMA,28,51.5,111.0,15.9,16.1,16.3,17.2
3003D,BACCPY,28,54.6,111.5,10.5,10.5,10.6,11.7
3004,BUCHSE,28,53.8,117.3,0.0,0.0,0.0,0.0
3005,MEMEMI,28,55.1,119.7,0.0,0.0,0.0,0.0
3006,RYPAKU,28,56.5,113.7,19.9,20.0,20.4,22.4
3007,ADENBI,28,59.4,116.0,31.2,31.9,32.8,34.4
3007A,PIMEGR,28,57.0,117.8,0.0,0.0,0.0,0.0
3007B,GARCPA,28,56.8,115.1,14.4,14.4,14.4,15.1
3007C,BEILP2,28,56.2,117.4,10.9,11.1,11.3,12.2
3007D,EUGESC,28,57.4,114.6,10.5,10.9,11.2,11.6
3007E,ALPHMA,28,56.4,117.0,0.0,10.8,10.8,11.5
3008,SHORM1,28,59.5,112.7,0.0,0.0,0.0,0.0
3009,HORSS2,28,54.6,109.5,0.0,0.0,0.0,0.0
3010,KOOMMA,28,56.9,108.3,116.3,116.5,119.2,119.6
3010A,MESUFE,28,0.0,0.0,0.0,0.0,0.0,0.0
3011,PHYLEM,28,55.6,106.6,0.0,0.0,0.0,0.0
3012,ONCOMO,28,58.3,100.9,0.0,0.0,0.0,0.0
3013,BEILDI,28,59.3,100.7,0.0,0.0,0.0,0.0
3014,LEPISE,28,53.1,100.8,13.2,0.0,0.0,0.0
3015,SCHOAC,29,26.0,101.0,64.2,64.2,66.3,66.6
3016,ARTOLO,29,26.8,100.5,28.6,29.0,28.4,28.7
3017,DACRR1,29,31.8,100.1,19.6,19.6,19.3,19.3
3018,DACRR1,29,31.5,101.9,17.9,18.4,18.5,18.7
3019,MALLPE,29,28.2,104.5,0.0,0.0,0.0,0.0
3020,XANTGR,29,21.0,101.9,0.0,0.0,0.0,0.0
3021,DYSOCA,29,21.1,102.7,0.0,0.0,0.0,0.0
3022,SAR1GR,29,29.0,107.7,46.2,46.5,46.2,46.2
3023,EUGECL,29,27.1,109.1,43.9,45.4,46.7,46.8
3023A,SHORM1,29,26.4,109.5,20.1,20.8,21.7,23.4
3023B,SHORM2,29,27.8,108.2,29.9,31.1,32.5,33.6
3024,LANSDO,29,23.2,108.8,28.4,28.6,28.8,29.5
3024A,MALLPE,29,20.6,112.0,11.0,11.5,0.0,0.0
3025,DRYPLO,29,30.3,109.8,0.0,0.0,0.0,0.0
3026,MALLPE,29,32.2,108.0,0.0,0.0,0.0,0.0
3026A,CROTLA,29,0.0,0.0,0.0,0.0,0.0,0.0
3027,MACALO,29,33.3,109.7,0.0,0.0,0.0,0.0
3028,XANTEU,29,29.9,111.2,0.0,0.0,0.0,0.0
3029,MALLPE,29,29.1,112.3,0.0,0.0,0.0,0.0
3030,XANTRU,29,25.3,113.5,31.0,31.1,32,32.1
3031,OCHAAM,29,21.6,112.0,0.0,0.0,0.0,0.0
3032,MALLPE,29,23.6,116.4,0.0,0.0,0.0,0.0
3033,MALLPE,29,21.8,116.8,0.0,0.0,0.0,0.0
3034,CROTLA,29,21.8,118.4,0.0,0.0,0.0,0.0
3034A,SHORM1,29,39.6,108.5,28.3,30.0,31.5,32.4
3034B,SHORM1,29,22.0,119.8,0.0,10.7,10.8,11.2
3035,MALLPE,29,23.4,118.5,0.0,0.0,0.0,0.0
3036,MALLPE,29,28.8,117.6,0.0,0.0,0.0,0.0
3037,LITHEW,29,29.3,118.2,0.0,0.0,0.0,0.0
3038,DRYPLO,29,28.6,116.3,0.0,0.0,0.0,0.0
3039,ARCHBU,29,29.5,116.3,0.0,0.0,0.0,0.0
3041,XANTEU,29,35.1,115.3,12.5,12.5,12.6,12.6
3042,SCHOAC,29,36.4,117.3,69.4,69.4,68.3,69.4
3042A,SHORM1,29,35.2,117.4,14.0,14.3,0.0,0.0
3042B,SHORP1,29,35.4,116.6,13.9,13.9,0.0,0.0
3043,PALAH2,29,39.7,117.6,27.6,27.6,27.6,27.8
3044,DRYPLO,29,40.0,119.3,0.0,0.0,0.0,0.0
3045,HORSPO,29,38.1,114.1,19.5,19.8,19.8,20.1
3045A,EUGENA,29,38.6,113.0,13.8,14.7,15.5,16.2
3046,EUGEC1,29,37.0,113.9,0.0,0.0,0.0,0.0
3047,NEPHER,29,39.0,109.4,27.9,28.0,27.7,28.3
3047A,HOPEME,29,39.4,108.5,10.9,11.6,11.8,12.6
3048,MACALO,29,32.7,114.5,0.0,0.0,0.0,0.0
3049,DACRRO,29,33.2,116.8,20.6,21.0,21.1,21.8
3050,LANSDO,29,38.0,105.8,17.1,17.1,17.1,17.3
3051,DIOSAP,30,2.8,100.3,0.0,0.0,0.0,0.0
3052,DURIGR,30,3.2,102.9,28.4,28.7,28.9,28.7
3052A,MONOMA,30,4.7,104.6,13.4,14.5,15.3,16.3
3052B,MACALO,30,8.7,102.6,0.0,10.5,10.8,11.3
3053,MESUFE,30,9.3,103.0,23.7,23.8,24.4,24.8
3054,CROTLA,30,6.5,106.6,0.0,0.0,0.0,0.0
3055,MACALO,30,1.4,106.0,0.0,0.0,0.0,0.0
3056,BACCRE,30,8.2,110.2,0.0,0.0,0.0,0.0
3057,MEMEO2,30,8.4,110.7,28.4,29.4,30.1,30.9
3058,BOUEMA,30,7.5,112.9,0.0,0.0,0.0,0.0
3058A,PRUNAR,30,0.0,0.0,0.0,0.0,0.0,0.0
3059,KNEMMA,30,5.2,115.0,0.0,0.0,0.0,0.0
3060,EUGEP3,30,2.9,114.5,46.0,47.6,48.5,49.1
3060A,OCHAAM,30,3.3,115.0,16.1,16.9,17,17.2
3061,CRY1GR,30,5.8,118.4,0.0,0.0,0.0,0.0
3062,MALLPE,30,13.7,117.2,0.0,0.0,0.0,0.0
3063,DACRR1,30,14.0,108.0,0.0,0.0,0.0,0.0
3064,DRYPLO,30,16.8,107.0,0.0,0.0,0.0,0.0
3065,APORAR,30,17.6,108.1,0.0,0.0,0.0,0.0
3066,MACALO,30,17.6,108.9,0.0,0.0,0.0,0.0
3067,DIOSLA,30,16.3,113.1,0.0,0.0,0.0,0.0
3067A,SHORM1,30,17.4,112.8,17.8,18.4,19.4,20.2
3067B,BOUEOP,30,16.8,114.3,14.2,15.0,15.7,16.3
3068,IRVIMA,30,14.5,105.8,76.8,80.8,80.9,82.1
3068A,MACALO,30,13.5,105.5,10.6,10.9,11.1,11.3
3068B,KNEMLA,30,14.2,106.4,10.1,10.1,10.2,11.4
3069,EUGESU,30,15.6,112.5,16.9,17.8,18.2,18.3
3070,DACRR1,30,19.7,102.8,0.0,0.0,0.0,0.0
3089A,GREWMI,30,11.3,118.6,0.0,0.0,0.0,0.0
3071,ALANRI,31,4.2,125.7,21.5,21.9,21.9,22.5
3071A,MEMEPU,31,4.8,124.8,12.0,12.3,12.4,12.9
3071B,HOPEDR,31,5.1,125.2,12.9,12.6,13,0.0
3072,GONOGR,31,8.1,122.3,10.9,11.0,11.1,11.3
3072A,SHORL2,31,7.8,123.3,70.9,70.9,71.6,71.8
3072B,NEOSKI,31,8.0,121.4,13.8,13.8,14.3,15
3072C,PORTAN,31,7.2,124.3,13.6,13.8,14,14.3
3073,GIRONE,31,5.7,126.2,0.0,0.0,0.0,0.0
3074,NEPHOP,31,8.8,129.2,34.6,35.8,36.7,37.9
3074A,SHORP2,31,9.2,128.9,15.1,16.2,16.4,18.6
3074B,SHORP1,31,10.4,130.1,21.6,21.0,0.0,0.0
3074C,MANGQU,31,13.8,129.8,0.0,12.0,12.5,12.8
3075,KOOMMA,31,4.2,130.2,0.0,0.0,0.0,0.0
3076,POL1JE,31,4.4,131.5,0.0,0.0,0.0,0.0
3077,EUGEC1,31,5.7,131.1,14.9,14.9,14.1,15.4
3077A,SHORP1,31,6.4,131.4,16.5,17.3,15.9,18.6
3077B,CROTLA,31,8.0,131.0,0.0,16.3,16.8,16.9
3078,IXONIC,31,3.6,132.8,0.0,0.0,0.0,0.0
3079,NEOSKI,31,1.2,135.0,0.0,0.0,0.0,0.0
3079A,RYPAKU,31,1.4,137.3,12.8,11.8,11.9,12.2
3079B,CASTME,31,3.3,138.0,14.2,14.2,14.2,14.3
3079C,SHORP1,31,0.4,138.2,11.3,11.3,11.6,12.4
3080,BEILDI,31,7.8,136.2,48.5,49.6,51,51.2
3080A,SHORP1,31,7.6,139.2,0.0,0.0,0.0,0.0
3080B,MEMEMI,31,11.5,138.2,0.0,10.8,10.8,10.6
3080C,GARCPA,31,12.8,137.5,0.0,10.9,11.2,11.3
3080D,KIBAMA,31,15.4,137.2,0.0,11.3,14.5,12.1
3081,ARCHBU,31,11.9,133.9,0.0,0.0,0.0,0.0
3082,HOPEME,31,12.5,133.3,0.0,0.0,0.0,0.0
3082A,CROTLA,31,0.0,0.0,16.0,0.0,0.0,0.0
3082B,MANGQU,31,13.2,131.2,0.0,12.5,13,14.1
3083,CALOWA,31,14.4,134.9,0.0,0.0,0.0,0.0
3084,XANTEU,31,13.4,129.1,0.0,0.0,0.0,0.0
3085,CROTLA,31,11.7,123.4,0.0,0.0,0.0,0.0
3086,SCA2MA,31,15.9,127.4,0.0,0.0,0.0,0.0
3087,EUGEC1,31,18.4,128.4,0.0,0.0,0.0,0.0
3087A,SHORMA,31,18.5,129.2,0.0,14.7,15.9,16.9
3088,DURIGR,31,17.7,121.5,15.0,15.0,14.9,15
3088A,HOPEME,31,18.0,122.0,16.7,16.8,16.9,17
3088B,TRI3MA,31,17.7,121.2,11.2,11.6,12.1,12.6
3089,MALLPE,31,11.0,120.3,0.0,0.0,0.0,0.0
3089B,EUGESU,31,0.0,0.0,0.0,0.0,0.0,0.0
3090,XANTEU,32,20.0,120.0,13.2,13.1,13,13.2
3090A,LEPISE,32,23.5,122.6,0.0,0.0,0.0,0.0
3090B,SHORM1,32,25.2,121.0,17.8,19.7,21.2,23.3
3091,MALLPA,32,20.4,124.7,0.0,0.0,0.0,0.0
3092,APORAR,32,25.9,126.3,0.0,0.0,0.0,0.0
3093,POL1SC,32,29.9,129.8,31.2,0.0,0.0,0.0
3093A,LITHWA,32,31.8,130.6,16.8,0.0,0.0,0.0
3093B,MESUFE,32,31.8,130.3,13.4,0.0,0.0,0.0
3094,PTYCCO,32,21.4,129.9,25.7,28.6,31.6,34.3
3094A,SHORM1,32,30.0,130.0,15.1,16.8,18.1,20
3094B,SHORM1,32,30.8,130.4,11.8,13.0,13.8,15.6
3094C,SHORM1,32,33.2,126.6,11.7,12.3,13,14
3094D,SHORP2,32,30.2,129.4,12.7,13.8,14.9,16.3
3095,SHORM2,32,23.8,130.8,0.0,0.0,0.0,0.0
3096,ARCHBU,32,26.1,132.7,0.0,0.0,0.0,0.0
3097,SANTTO,32,29.5,131.5,32.3,0.0,0.0,0.0
3098,BEILDI,32,29.8,133.1,22.1,0.0,0.0,0.0
3098A,SHORM1,32,26.2,133.0,18.3,20.4,22.2,24.6
3098B,XANTGR,32,28.2,132.8,13.1,13.4,13.6,14.1
3098C,SHORP2,32,32.0,133.5,21.2,24.8,28.1,31.8
3098D,HOPEME,32,35.3,133.0,14.6,16.0,17.2,19.1
3098E,HOPEME,32,,,0.0,0.0,11.1,12.3
3099,KNEMSC,32,21.4,132.8,0.0,0.0,0.0,0.0
3101,MACALO,32,21.0,134.7,0.0,0.0,0.0,0.0
3102,EUGEGR,32,20.5,136.3,0.0,0.0,0.0,0.0
3103,SAR1GR,32,21.4,138.2,0.0,0.0,0.0,0.0
3103A,CALOWA,32,0.0,0.0,0.0,0.0,0.0,0.0
3104,MEMEO2,32,24.0,138.3,0.0,0.0,0.0,0.0
3104A,SHORP2,32,32.0,133.5,12.8,13.9,10.6,15.6
3105,CALOWA,32,26.1,138.4,0.0,0.0,0.0,0.0
3105A,NEOBHE,32,28.6,139.6,12.3,13.0,13.5,14.1
3106,KNEMMA,32,31.0,138.5,0.0,0.0,0.0,0.0
3107,APORPR,32,39.5,139.4,0.0,0.0,0.0,0.0
3108,AGLAFO,32,39.4,135.4,0.0,0.0,0.0,0.0
3108A,SHORM1,32,39.6,138.0,0.0,10.8,12.4,13.3
3109,PTYCCO,32,34.1,131.7,14.0,14.0,14,14.3
3109A,SHORM1,32,0.0,0.0,0.0,0.0,0.0,0.0
3109B,ARCHBU,32,0.0,0.0,0.0,0.0,0.0,0.0
3110,GANUSN,32,32.6,127.6,37.0,37.3,37.4,37.8
3110A,SHORAC,32,0.0,0.0,0.0,0.0,0.0,0.0
3111,SHORAC,32,36.8,127.2,0.0,0.0,0.0,0.0
3111A,QUERAR,32,38.0,127.2,0.0,0.0,0.0,0.0
3112,GREWMI,32,39.1,128.2,0.0,0.0,0.0,0.0
3113,MEMEAM,32,37.8,124.2,12.1,12.0,12.3,12.5
3113A,ARCHBU,32,33.4,123.6,22.5,23.3,25.7,25.8
3113B,MACALO,32,35.8,123.4,11.1,11.3,11.4,13.6
3113C,QUERAR,32,33.6,125.6,12.4,13.8,15,16.4
3114,XANTRU,32,34.3,122.3,31.5,0.0,0.0,0.0
3114A,SHORM1,32,32.6,120.8,15.6,16.6,18.2,20.6
3115,ELATTA,32,39.2,121.4,37.4,37.4,37.5,38.1
3116A,EUGECL,32,39.1,123.2,11.6,11.8,11.9,12
3117,MESURA,32,31.3,122.7,0.0,0.0,0.0,0.0
3118,KNEMSC,33,43.5,120.3,0.0,0.0,0.0,0.0
3118A,HOPEME,33,41.2,120.4,30.1,31.5,32.4,32.5
3119,MACALO,33,41.3,122.7,0.0,0.0,0.0,0.0
3119A,HOPEME,33,41.3,124.2,0.0,0.0,0.0,0.0
3120,MILLAT,33,47.8,123.6,18.9,19.3,19.7,20.9
3121,DACRR1,33,50.0,121.2,13.6,13.8,13.7,13.9
3121A,MILLAT,33,51.8,121.0,14.7,15.0,15,15.4
3122,DACRR1,33,46.0,126.2,13.9,14.2,14.2,14.5
3122A,HOPEME,33,0.0,0.0,0.0,0.0,0.0,0.0
3123,MEMEAM,33,46.7,127.3,15.3,15.2,15.5,16.9
3123A,,33,,,15.3,13.4,13.4,11.3
3124,CANTDI,33,45.3,127.6,35.7,36.0,34.4,37
3124A,SHORAC,33,43.5,128.0,15.5,15.8,15.9,17.2
3125,CANAAP,33,47.7,128.5,54.0,54.2,54.9,55
3125A,,33,,,0.0,0.0,11.6,12.2
3126,ELATTA,33,44.8,130.5,0.0,0.0,0.0,0.0
3126A,MEMEAM,33,43.0,130.4,12.4,13.3,14,15.2
3126B,SANTLA,33,41.9,132.0,15.3,16.4,17.5,18.9
3126C,MESUFE,33,45.0,131.0,11.1,11.5,12,12.4
3127,CROTLA,33,41.9,133.5,0.0,0.0,0.0,0.0
3128,CANAPA,33,46.4,138.2,0.0,0.0,0.0,0.0
3129,EUGEGR,33,47.8,136.8,0.0,0.0,0.0,0.0
3130,EUGEC1,33,48.0,138.4,15.2,0.0,0.0,0.0
3130A,LITHCO,33,48.0,136.2,32.5,0.0,0.0,0.0
3130B,SHOROV,33,47.0,136.6,13.1,14.9,15.7,17.5
3130C,MILLAT,33,50.0,137.4,15.0,16.4,17.8,19.2
3132,ANI1LA,33,54.7,137.6,22.5,23.0,23.7,24.3
3132A,CRY1CA,33,57.4,139.6,19.1,19.3,20.1,0.0
3133,CALOWA,33,54.8,137.1,23.8,24.0,24.5,24.6
3133A,AIDICO,33,57.4,139.6,0.0,19.8,20.4,21.6
3134,SHORP2,33,55.2,134.6,95.2,95.4,96.7,96.9
3134A,SHORM1,33,50.8,130.2,0.0,13.2,13.8,15.1
3134B,,33,,,0.0,0.0,0.0,11.8
3135,ARCHBU,33,51.3,135.9,0.0,0.0,0.0,0.0
3136,MESURA,33,53.0,131.4,0.0,0.0,0.0,0.0
3137,ARCHBU,33,52.5,128.8,0.0,0.0,0.0,0.0
3138,SAR1GR,33,53.8,128.6,42.0,41.3,42,42.9
3138A,CANALL,33,52.6,123.0,15.5,12.9,0.0,0.0
3139,ALANRI,33,54.3,128.6,29.9,30.0,30.2,0.0
3140,BUCHSE,33,59.6,129.3,0.0,0.0,0.0,0.0
3141,KNEMSC,33,56.0,125.5,20.9,21.1,21.3,22.3
3143,ARTODA,33,58.0,122.3,0.0,0.0,0.0,0.0
3260,PAYELU,33,40.0,139.6,17.5,17.8,17.7,17.5
3144,ELATTA,34,62.5,122.8,0.0,0.0,0.0,0.0
3145,DIOSSI,34,62.2,124.6,16.8,16.8,17.2,16.8
3145A,CALODE,34,62.2,123.8,10.8,10.9,12.3,13.1
3145B,SCHOAC,34,62.0,125.6,18.2,19.0,19.3,20
3146,PTYCCO,34,60.6,127.1,0.0,0.0,0.0,0.0
3147,SANTRU,34,64.6,125.1,0.0,0.0,0.0,0.0
3148,DACRRO,34,69.2,123.3,0.0,0.0,0.0,0.0
3149,LITSFE,34,66.4,130.1,0.0,0.0,0.0,0.0
3150,ELAEFL,34,65.4,138.3,33.5,34.4,34.7,39.3
3150A,SINDEC,34,63.4,129.4,15.0,15.7,16.4,17.3
3150B,SANDKO,34,64.9,128.8,13.1,13.2,13.5,14
3151,NEOSKI,34,66.4,138.5,0.0,0.0,0.0,0.0
3152,RYPAKU,34,60.1,139.7,20.2,0.0,0.0,0.0
3152A,SANTTO,34,62.4,139.8,14.0,20.5,21.5,23.6
3153,HORSFL,34,71.2,137.5,0.0,0.0,0.0,0.0
3153A,PERKSP,34,71.2,138.8,0.0,11.7,0.0,0.0
3154,MESUFE,34,71.6,137.7,0.0,0.0,0.0,0.0
3155,BACCRE,34,75.4,136.4,0.0,0.0,0.0,0.0
3156,BACCPA,34,78.3,137.5,0.0,0.0,0.0,0.0
3157,SHORP2,34,77.8,134.6,0.0,0.0,0.0,0.0
3158,VATIBE,34,79.6,134.3,17.7,18.2,18.2,18.4
3158A,XERONO,34,79.5,133.2,14.6,15.2,15.7,17
3159,DIPTC1,34,77.2,132.3,14.5,14.6,14.9,14.6
3159A,SHORM1,34,76.0,131.2,10.5,11.2,12.2,12.8
3160,ANI1LA,34,74.3,132.6,0.0,0.0,0.0,0.0
3161,VATIBE,34,71.4,130.8,0.0,0.0,0.0,0.0
3161A,GIROSU,34,72.8,129.0,14.4,14.5,14.5,14.7
3161B,EUGECL,34,0.0,0.0,0.0,0.0,0.0,0.0
3161C,ALANEB,34,73.4,128.8,13.4,13.5,14.6,15.6
3162,KNEMSC,34,75.7,129.7,22.9,23.3,23,23.3
3163,APORSY,34,78.6,129.7,0.0,0.0,0.0,0.0
3164,PEN1MO,34,70.3,127.6,40.3,38.6,39.9,40.2
3164A,DRYPLO,34,70.6,127.8,10.9,11.2,11.5,11.5
3164B,LANSDO,34,70.6,126.5,12.8,12.9,12.4,13.1
3164C,MONOMA,34,71.4,125.9,13.5,16.8,15.5,16.8
3165,XERONO,34,72.8,124.8,20.9,21.5,21.7,22.6
3166,XANTST,34,73.1,124.4,56.7,58.7,59.9,0.0
3167,HERISI,34,71.6,123.6,0.0,0.0,0.0,0.0
3168,MADHL1,34,77.3,125.0,41.0,42.0,43,43.2
3169,DIPTC1,34,78.4,122.0,78.4,78.4,79.2,79.4
3169A,POL1SU,34,77.8,121.8,14.2,14.4,14.5,15.6
3198,AAAAAA,35,0.0,0.0,0.0,0.0,0.0,0.0
3170,SCA1SP,35,81.0,120.4,17.1,17.1,17,17.2
3171,XERONO,35,85.9,120.0,19.8,20.6,20.9,21.8
3172,SANTLA,35,88.2,121.1,0.0,0.0,0.0,0.0
3173,ARDICO,35,85.4,123.2,0.0,0.0,0.0,0.0
3174,XANTST,35,87.7,123.6,0.0,0.0,0.0,0.0
3175,SHORAC,35,89.6,123.3,0.0,0.0,0.0,0.0
3176,TIMOWA,35,87.5,126.8,0.0,0.0,0.0,0.0
3176A,IXONIC,35,88.6,127.8,0.0,0.0,0.0,0.0
3178,PTEREC,35,91.7,128.2,0.0,0.0,0.0,0.0
3179,MONOMA,35,89.7,129.4,23.0,23.0,23,23.8
3180,EUGEGR,35,82.6,128.0,11.5,11.7,0.0,0.0
3180A,BARRPE,35,83.7,127.4,11.0,11.3,11.7,12.5
3181,EUGESU,35,81.0,129.8,0.0,0.0,0.0,0.0
3182,BLUMTO,35,82.6,134.5,0.0,0.0,0.0,0.0
3182A,XERONO,35,82.5,137.6,22.6,23.1,23.3,23.3
3182B,XANTEU,35,82.0,139.6,11.5,11.6,11.6,11.8
3182C,CALODI,35,83.8,132.8,12.9,13.3,13.5,13.6
3182D,NEOBHE,35,84.4,130.2,12.0,12.7,12.8,12.9
3183,XANTRU,35,88.2,131.8,0.0,0.0,0.0,0.0
3184,BRACHO,35,88.8,134.8,34.9,34.4,32.1,35.2
3184A,LITHCU,35,88.4,136.7,58.0,59.6,61.4,61.6
3184B,CYATRA,35,90.0,133.0,10.8,11.0,11.2,12.4
3184C,CLE1SU,35,90.2,138.5,12.0,12.0,12.1,12.2
3184D,DIOSBU,35,89.7,139.6,11.5,11.6,11.7,11.8
3184E,,35,,,0.0,0.0,10.5,0.0
3185,DACRR1,35,84.4,136.5,0.0,0.0,0.0,0.0
3186,SHORP2,35,85.3,137.4,0.0,0.0,0.0,0.0
3187,LITHCU,35,92.1,135.8,0.0,0.0,0.0,0.0
3188,CYNOMA,35,93.4,135.5,46.7,46.8,50.5,50.7
3188A,ARTOSC,35,91.1,135.6,0.0,0.0,0.0,0.0
3188B,SHORM1,35,93.0,137.5,15.8,16.5,16.9,17.4
3188C,DACRR1,35,93.0,138.6,13.8,14.2,14.6,0.0
3189,PAROVA,35,97.5,134.1,25.1,25.1,25.5,25.6
3190,HOMADI,35,97.8,131.7,52.8,53.4,53.4,53.5
3190A,ORMOVE,35,98.5,130.4,0.0,0.0,0.0,0.0
3191,IXONIC,35,96.9,128.0,31.0,33.2,30.6,31
3192,SAR1GR,35,93.7,130.1,35.7,37.4,38.4,40.8
3193,SANDKO,35,93.2,130.5,18.3,18.9,19,19.4
3194,CYNOMA,35,97.1,126.5,23.3,23.8,24.4,25.2
3195,HORSS2,35,97.3,123.6,41.7,42.3,42.7,42.8
3196,DIOSLA,35,99.3,123.7,0.0,0.0,0.0,0.0
3197,SCA2MA,35,91.6,121.6,0.0,0.0,0.0,0.0
3197A,CALOTE,35,94.3,122.0,13.5,13.5,0.0,0.0
3197B,XERONO,35,93.7,123.0,15.4,16.2,16.4,16.8
3197C,,35,,,0.0,0.0,11.4,11
3199,MANGQU,36,87.9,140.5,0.0,0.0,0.0,0.0
3200,XERONO,36,88.4,140.7,0.0,0.0,0.0,0.0
3201,CYATRA,36,89.3,142.2,0.0,0.0,0.0,0.0
3202,XANTEU,36,85.2,146.2,0.0,0.0,0.0,0.0
3202A,LANSDO,36,85.4,145.2,18.2,18.5,19.9,20.1
3203,TERMSU,36,87.7,146.4,0.0,0.0,0.0,0.0
3203A,MEL1FU,36,88.0,145.1,15.6,15.6,0.0,0.0
3204,HOPEDR,36,85.9,147.9,0.0,0.0,0.0,0.0
3205,SANDKO,36,84.8,149.8,0.0,0.0,0.0,0.0
3206,DACRLA,36,84.7,150.3,21.6,21.3,21.5,0.0
3206A,MONOMA,36,83.0,149.0,19.0,19.0,18.9,18.9
3207,CANALR,36,80.2,150.6,0.0,0.0,0.0,0.0
3208,GREWMI,36,80.0,152.5,0.0,0.0,0.0,0.0
3209,GREWMI,36,80.1,156.1,0.0,0.0,0.0,0.0
3210,SARADE,36,88.7,159.1,39.7,0.0,0.0,0.0
3210A,SARADE,36,84.0,158.6,10.5,10.5,0.0,0.0
3211,SARADE,36,89.9,157.6,29.0,29.7,28.7,31.2
3211A,SARADE,36,,,0.0,0.0,12.5,12.8
3212,SARADE,36,89.9,158.3,0.0,0.0,0.0,0.0
3213,SARADE,36,90.6,157.6,0.0,0.0,0.0,0.0
3214,SARADE,36,92.7,157.6,31.6,30.9,30.3,30.8
3215,SARADE,36,94.9,159.0,0.0,0.0,0.0,0.0
3216,SARADE,36,94.4,156.4,31.4,32.4,32.7,31.6
3217,SARADE,36,93.3,154.0,31.9,28.5,28.5,28.7
3218,SARADE,36,93.4,152.0,0.0,0.0,0.0,0.0
3219,SYMPFE,36,90.3,151.6,0.0,0.0,0.0,0.0
3220,GYMNFO,36,96.3,154.4,40.7,41.1,41.5,42.6
3221,SARADE,36,98.2,150.8,0.0,0.0,0.0,0.0
3222,PAR1OB,36,98.9,158.5,0.0,0.0,0.0,0.0
3223,SARADE,36,99.8,149.1,0.0,0.0,0.0,0.0
3224,SARADE,36,98.0,148.0,30.1,30.5,31.3,31.6
3224A,SARADE,36,98.1,149.2,11.7,11.2,11.1,12.4
3225,SARADE,36,97.9,147.7,0.0,0.0,0.0,0.0
3226,SARADE,36,96.1,146.4,15.6,16.0,15.7,0.0
3227,SARADE,36,96.3,146.1,0.0,0.0,0.0,0.0
3228,SARADE,36,96.7,145.7,0.0,0.0,0.0,0.0
3229,SARADE,36,96.7,145.3,0.0,0.0,0.0,0.0
3230,SARADE,36,99.5,143.3,21.9,22.2,22.4,24.6
3257A,ARDIPA,36,80.4,143.8,14.8,15.0,15.1,0.0
3237,DIOSA1,37,69.5,144.0,0.0,0.0,0.0,0.0
3232,ELATTA,37,60.8,145.3,0.0,0.0,0.0,0.0
3233,EUGESU,37,67.2,146.9,24.6,24.8,25.2,0.0
3233A,XANTST,37,67.6,145.2,22.5,23.8,14.4,21.3
3233B,NEOSKI,37,0.0,0.0,0.0,0.0,0.0,0.0
3233C,DURIGR,37,70.8,146.3,14.0,14.2,14.8,15.6
3234,ACROPO,37,71.3,142.0,0.0,0.0,0.0,0.0
3235,CROTER,37,71.1,142.4,0.0,0.0,0.0,0.0
3236,EUGEGR,37,69.0,142.9,0.0,0.0,0.0,0.0
3238,EUGEGR,37,69.0,148.8,29.6,0.0,0.0,0.0
3239,HORSS2,37,70.5,150.7,0.0,0.0,0.0,0.0
3240,ALANRI,37,67.1,150.9,0.0,0.0,0.0,0.0
3241,ANI2CO,37,64.6,151.8,0.0,0.0,0.0,0.0
3242,EUGENA,37,62.2,153.3,28.5,29.4,29.3,0.0
3242A,CANAME,37,62.8,154.4,12.1,12.4,12.3,0.0
3242B,SHORP1,37,65.6,153.3,30.1,31.2,31,0.0
3242C,RYPAKU,37,67.6,154.4,14.8,15.2,15.2,15.3
3243,SHORM2,37,60.5,157.4,0.0,0.0,0.0,0.0
3244,IXONIC,37,65.8,158.8,26.0,26.2,25.6,26
3244A,POMEPA,37,63.8,158.4,11.1,11.2,11,11.9
3244B,DRYPPO,37,62.2,158.2,11.5,11.0,11,12
3245,KIBAAR,37,66.3,158.8,0.0,0.0,0.0,0.0
3246,SAR1GR,37,69.8,154.6,95.0,95.0,97.1,97.1
3246A,PALAMA,37,69.4,155.0,16.2,17.2,17.4,17.6
3246B,OCHAAM,37,68.7,155.8,15.2,15.2,15.4,15.8
3246C,PORTAN,37,68.0,156.7,16.0,16.3,16.8,17.9
3247,KNEMST,37,70.8,153.8,0.0,0.0,0.0,0.0
3248,APORAR,37,69.9,157.7,0.0,0.0,0.0,0.0
3249,SINDCO,37,73.0,151.8,0.0,0.0,0.0,0.0
3249A,BACCKU,37,60.0,140.0,0.0,0.0,0.0,0.0
3249B,BACCKU,37,73.8,148.2,13.0,13.0,13,13
3249C,SANTRU,37,76.4,146.0,16.8,17.6,18.8,19.4
3249D,MACAHO,37,75.6,150.0,21.1,21.7,22.4,22.4
3250,MEL1FU,37,72.1,150.0,19.1,19.1,19.5,20.1
3250A,POL1SC,37,70.4,149.4,21.5,22.2,22.5,22.7
3251,KIBAAR,37,76.9,150.8,0.0,0.0,0.0,0.0
3251A,PORTAN,37,0.0,0.0,0.0,0.0,0.0,0.0
3252,DIOSA1,37,79.4,151.6,0.0,0.0,0.0,0.0
3253,GREWBL,37,79.2,148.5,0.0,0.0,0.0,0.0
3254,ARTODA,37,77.7,147.7,0.0,0.0,0.0,0.0
3255,XANTEU,37,75.5,157.8,0.0,0.0,0.0,0.0
3256,PEN1MO,37,73.9,154.4,0.0,0.0,0.0,0.0
3256A,FICUSA,37,80.0,140.0,0.0,0.0,0.0,0.0
3257,XANTST,37,79.4,143.9,0.0,0.0,0.0,0.0
3257B,AAAAAA,37,0.0,0.0,0.0,0.0,0.0,0.0
3257C,BUCHAR,37,79.4,145.0,10.3,10.5,0.0,0.0
3258,REINCI,37,80.0,143.1,0.0,0.0,0.0,0.0
3131,XANTEU,38,53.5,140.2,16.9,16.9,17,17
3231,BEILDI,38,59.8,144.6,0.0,0.0,0.0,0.0
3259,SANTTO,38,40.5,140.4,23.3,23.3,23,23.6
3261,CANALR,38,40.9,140.6,0.0,0.0,0.0,0.0
3262,SANTTO,38,41.4,143.4,18.8,0.0,0.0,0.0
3262A,EUGECL,38,43.6,144.2,13.1,14.2,15.1,14.6
3262B,NEOBHE,38,40.8,141.6,11.0,12.0,12.6,13.4
3262C,PIMEGR,38,40.5,143.0,10.6,10.7,12.1,13.5
3263,GREWBL,38,46.5,147.4,0.0,0.0,0.0,0.0
3263A,SHORM1,38,0.0,0.0,0.0,0.0,0.0,0.0
3263B,ARCHBU,38,43.9,147.3,18.6,18.2,19.2,19.6
3263C,KNEMLA,38,45.1,146.8,11.2,12.3,12.7,14.1
3264,PORTAN,38,48.2,148.3,0.0,0.0,0.0,0.0
3264A,GREWMI,38,47.4,149.8,0.0,0.0,0.0,0.0
3265,RYPAKU,38,49.0,151.9,0.0,0.0,0.0,0.0
3266,SHORM2,38,52.2,150.1,53.0,53.0,54.1,54.3
3266A,XERONO,38,50.7,149.3,0.0,0.0,0.0,0.0
3266B,MESURA,38,50.6,148.8,12.6,12.8,13,13.4
3267,ALPHMA,38,53.4,149.5,0.0,0.0,0.0,0.0
3268,CANAPA,38,53.1,151.1,0.0,0.0,0.0,0.0
3269,GYNOAX,38,53.1,153.1,0.0,0.0,0.0,0.0
3270,LITSCO,38,42.6,149.8,0.0,0.0,0.0,0.0
3271,GLUTM2,38,43.1,153.9,22.7,23.2,24.4,25.8
3271A,MONOMA,38,42.7,154.0,12.6,24.2,25.2,26.4
3272,RYPAKU,38,42.1,154.8,15.2,15.8,15.9,16.4
3272A,EUGECH,38,40.5,154.6,12.9,13.2,13.6,13.8
3273,KNEMFU,38,44.4,157.5,0.0,0.0,0.0,0.0
3274,GANUSN,38,49.8,156.8,20.5,20.9,21.1,21.2
3274A,OCHAAM,38,49.6,155.0,13.4,13.9,14.5,15.8
3275,DRYPLO,38,52.5,156.1,0.0,0.0,0.0,0.0
3276,KNEMSC,38,55.4,153.0,0.0,0.0,0.0,0.0
3277,ANI1LA,38,59.6,151.7,49.5,48.1,50.1,50.3
3277A,EUGEDU,38,56.4,150.9,19.8,20.2,20.4,20.4
3277B,PAYELU,38,57.2,148.8,10.5,10.7,10.8,10.8
3278,GIROPA,38,59.0,148.3,0.0,0.0,0.0,0.0
3279,ONCOMO,38,56.5,147.2,0.0,0.0,0.0,0.0
3280,DACRR1,38,54.2,148.1,0.0,0.0,0.0,0.0
3281,LANSDO,38,53.7,142.3,0.0,0.0,0.0,0.0
3281A,SANTAP,38,55.4,142.3,10.4,10.8,11.2,11.8
3281B,SHORL2,38,56.2,143.6,34.4,36.1,39,43
3281C,MILLAT,38,56.6,142.2,19.8,20.0,20.9,22.1
3281D,OCHAAM,38,57.4,145.4,13.6,14.5,14.6,15.6
3282,HOPEME,39,23.9,140.3,0.0,0.0,0.0,0.0
3283,CANALR,39,26.5,141.3,11.1,11.8,12.5,12.9
3283A,MILLAT,39,27.8,141.4,16.7,17.9,19.1,20.4
3284,PAROVA,39,28.0,140.5,24.0,24.0,23.9,24.2
3285,DIPLMA,39,30.4,149.4,0.0,0.0,0.0,0.0
3286,DRYPKI,39,30.8,142.6,0.0,0.0,0.0,0.0
3287,ARCHBU,39,32.8,142.3,0.0,0.0,0.0,0.0
3288,SANTTO,39,32.9,145.3,0.0,0.0,0.0,0.0
3289,KNEMMA,39,29.2,145.5,0.0,0.0,0.0,0.0
3290,SCA2MA,39,28.4,148.2,0.0,0.0,0.0,0.0
3290A,SHORL1,39,28.0,149.0,19.0,19.8,22,24.2
3291,DIALWA,39,30.3,149.5,18.3,19.7,20.7,21.2
3292,XANTEU,39,31.4,149.4,0.0,0.0,0.0,0.0
3293,SHORM2,39,29.7,151.7,0.0,0.0,0.0,0.0
3293A,DIPLMA,39,26.6,151.1,12.6,12.6,13.7,14
3294,MESUFE,39,21.5,149.1,19.7,20.2,21.1,21.4
3294A,SHORM2,39,22.1,147.0,11.5,12.5,13.6,14.9
3294B,CROTAR,39,22.4,144.7,12.5,13.0,0.0,0.0
3294C,CROTAR,39,25.0,147.5,13.2,14.1,15,16
3295,EUGEC1,39,22.2,151.2,0.0,0.0,0.0,0.0
3296,SCHOAC,39,22.4,153.2,37.4,37.6,40.3,41.7
3296A,PORTAN,39,22.8,153.5,19.0,16.3,16.7,17.4
3296B,CROTAR,39,22.1,153.8,11.6,12.3,13,13.4
3296C,SHORM2,39,23.5,154.2,11.2,11.2,11.1,11.4
3296D,PIMEGR,39,20.8,154.6,15.6,16.2,16.5,17
3297,CALOMA,39,23.4,153.3,0.0,0.0,0.0,0.0
3298,SCA2MA,39,24.7,158.6,0.0,0.0,0.0,0.0
3299,SANTLA,39,24.7,159.1,75.8,75.8,76.5,77
3299A,MONOMA,39,24.4,159.7,15.6,15.6,16.7,20.4
3299B,,39,,,0.0,0.0,10.2,10.8
3299C,CROTLA,39,,,0.0,0.0,11.1,12.2
3300,ARCHBU,39,32.8,153.2,0.0,0.0,0.0,0.0
3301,EUGEP3,39,33.8,152.8,0.0,0.0,0.0,0.0
3301A,KNEMCO,39,33.2,151.7,13.9,14.9,15.2,16
3301B,,39,,,0.0,0.0,11.1,10.7
3302,RYPAKU,39,32.3,150.2,0.0,0.0,0.0,0.0
3303,VATIBE,39,34.7,149.9,0.0,0.0,0.0,0.0
3304,LITHRA,39,35.9,152.7,0.0,0.0,0.0,0.0
3305,OCHAAM,39,38.2,150.5,0.0,0.0,0.0,0.0
3306,SAR1GR,39,37.9,149.5,0.0,0.0,0.0,0.0
3307,EUGERI,39,38.9,150.6,0.0,0.0,0.0,0.0
3308,DRYPLO,39,38.6,147.3,20.2,20.8,20.6,20.9
3308A,CROTAR,39,39.6,148.0,0.0,10.5,11.2,12
3309,CALODI,39,37.6,142.5,20.1,22.2,22.2,22.4
3310,SHORP2,39,33.5,141.5,0.0,0.0,0.0,0.0
3311,NEPHCO,40,4.5,142.3,0.0,0.0,0.0,0.0
3312,KNEMHO,40,7.1,145.2,31.1,31.1,30.8,31.1
3312A,BACCRE,40,5.8,143.8,17.3,17.6,18,18.3
3312B,CASTME,40,5.5,142.8,12.3,13.1,13.1,13.3
3313,MEL1FU,40,4.6,148.8,0.0,0.0,0.0,0.0
3314,HOPEME,40,5.7,148.9,0.0,0.0,0.0,0.0
3315,EUGEC1,40,0.4,148.0,20.4,20.6,20.8,20.9
3315A,SHORP1,40,1.3,145.3,0.0,0.0,0.0,0.0
3316,BEILDI,40,1.1,150.6,48.0,48.6,49.2,50.9
3317,RYPAKU,40,0.9,152.9,24.3,24.5,24.6,24.8
3317A,CALODI,40,8.3,152.0,11.1,11.5,11.5,11.8
3317B,MONOMA,40,5.0,152.2,0.0,10.2,10,10.1
3318,XANTEU,40,7.8,152.0,0.0,0.0,0.0,0.0
3318A,GIRONE,40,3.0,155.0,10.5,11.2,11.9,12.2
3318B,,40,,,0.0,0.0,10.5,11
3318C,,40,,,0.0,0.0,11.2,12.1
3319,ARTOLO,40,0.6,159.2,0.0,0.0,0.0,0.0
3320,CANTDI,40,8.9,148.5,0.0,0.0,0.0,0.0
3321,PARKSP,40,10.6,147.3,0.0,0.0,0.0,0.0
3322,SHORM2,40,14.9,156.3,0.0,0.0,0.0,0.0
3323,DIOSBU,40,16.1,159.1,0.0,0.0,0.0,0.0
3324,EUGEC1,40,19.4,157.1,0.0,0.0,0.0,0.0
3325,SHORM1,40,18.1,152.0,0.0,0.0,0.0,0.0
3326,XANTGR,40,16.8,152.4,0.0,0.0,0.0,0.0
3327,CARABR,40,15.8,152.3,0.0,0.0,0.0,0.0
3328,IXONIC,40,6.9,148.8,29.0,29.4,30,31
3328A,ARCHBU,40,13.2,148.4,16.3,16.8,16.6,17.2
3328B,CROTAR,40,15.4,149.3,12.3,13.0,14,14.6
3329,PAR1CO,40,19.3,145.3,0.0,0.0,0.0,0.0
3330,BACCRA,40,16.7,143.9,0.0,0.0,0.0,0.0
3331,ALANRI,40,15.5,141.9,0.0,0.0,0.0,0.0
3332,MESURA,40,13.5,140.3,0.0,0.0,0.0,0.0
3333,ALPHMA,40,11.1,144.3,0.0,0.0,0.0,0.0
3334,BACCRA,41,0.7,163.9,0.0,0.0,0.0,0.0
3335,PTYCCO,41,3.0,162.3,14.7,14.8,14.7,15
3335A,CANALR,41,8.5,160.7,11.5,12.8,13.5,14.4
3336,EUGEGR,41,8.5,166.7,0.0,0.0,0.0,0.0
3336A,GREWMI,41,8.6,164.2,16.6,0.0,0.0,0.0
3337,PTYCCO,41,7.0,167.8,0.0,0.0,0.0,0.0
3338,XANTEU,41,8.1,170.6,12.6,12.8,14.4,0.0
3339,NEOSKI,41,8.0,171.2,0.0,0.0,0.0,0.0
3340,DIOSBU,41,7.7,170.9,16.9,171.0,0.0,0.0
3341,XANTST,41,2.0,171.3,16.7,16.6,16.3,16.7
3341A,CRY1RU,41,5.2,171.0,12.6,13.9,16,16.3
3341B,MESUFE,41,0.7,171.5,11.1,12.0,13.3,15.4
3341C,EUGEFI,41,2.4,170.0,15.4,15.4,15.5,16.1
3342,APORPE,41,2.3,175.4,25.1,25.4,25.7,27
3342A,DILLSU,41,0.0,0.0,0.0,0.0,0.0,0.0
3343,XANTST,41,9.0,176.9,65.4,64.5,0.0,0.0
3343A,MONOMA,41,9.0,175.4,14.8,15.7,16.2,0.0
3343B,HOPEBR,41,6.0,177.6,11.5,12.4,13.7,0.0
3344,PALAMA,41,10.9,177.6,37.0,37.1,0.0,0.0
3344A,DACRR1,41,11.1,177.4,10.4,10.9,11.2,0.0
3344B,ARDICO,41,12.2,179.5,14.1,13.8,0.0,0.0
3345,IXONIC,41,14.8,176.9,0.0,0.0,0.0,0.0
3346,DIPTKU,41,10.8,165.7,110.4,100.3,101.2,102
3346A,DACRRO,41,0.0,0.0,0.0,0.0,0.0,0.0
3346B,SHORM2,41,8.8,167.6,10.2,10.5,10.9,11.3
3346C,PIMEGR,41,,,0.0,0.0,11.2,11.4
3347,MONOMA,41,17.3,167.7,25.3,26.4,26.5,28
3347A,LITHSU,41,14.7,171.0,0.0,10.2,11.4,11.8
3347B,HOPEDR,41,14.4,168.4,0.0,10.8,11.1,11
3348,ARTOLO,41,17.1,164.6,0.0,0.0,0.0,0.0
3349,ANI1LA,41,19.2,165.2,0.0,0.0,0.0,0.0
3350,XANTGR,41,13.9,162.2,0.0,0.0,0.0,0.0
3351,GARCNI,42,21.4,161.4,13.2,13.2,0.0,0.0
3352,SHORAC,42,27.2,163.2,0.0,0.0,0.0,0.0
3353,SHORP2,42,28.8,161.1,35.3,35.7,37.2,38.7
3353A,KNEMPA,42,28.6,161.4,16.3,17.1,17.6,18
3354,EUGEP3,42,29.2,161.2,29.2,0.0,0.0,0.0
3355,XANTEU,42,30.7,161.2,13.5,13.8,13.8,13.6
3356,HOPEME,42,28.4,163.8,30.0,30.9,32.4,24
3357,XYLOFO,42,30.1,164.3,0.0,0.0,0.0,0.0
3358,EUGEGR,42,24.2,167.5,0.0,0.0,0.0,0.0
3359,KOOMMA,42,23.3,166.9,68.0,68.2,69.1,69.4
3359A,SHORP1,42,23.0,168.0,18.2,19.5,21.2,23.2
3359B,IXONIC,42,21.0,167.2,0.0,10.4,11,11.5
3360,PTEREC,42,25.8,169.7,0.0,0.0,0.0,0.0
3361,ALANRI,42,21.0,172.2,0.0,0.0,0.0,0.0
3362,MYRIM1,42,21.0,176.1,15.5,15.5,15.9,16.4
3362A,GONYAF,42,22.1,173.5,12.1,12.4,12.5,12.6
3363,SANTLA,42,22.2,178.1,12.9,13.0,12.9,13.3
3364,OCHAAM,42,23.3,177.9,13.7,13.7,13.5,14
3365,NEPHCO,42,28.7,173.7,34.1,34.7,32.2,36
3365A,SCA1SP,42,26.0,174.3,10.6,10.6,10.4,0.0
3365B,SINDVE,42,29.7,173.3,12.9,13.0,13.4,14
3366,LICASP,42,29.7,175.0,0.0,0.0,0.0,0.0
3366A,CALODI,42,32.2,175.1,0.0,0.0,0.0,0.0
3366B,LINDOX,42,0.0,0.0,0.0,0.0,0.0,0.0
3367,SANTLA,42,32.4,167.4,0.0,0.0,0.0,0.0
3368,HERIEL,42,32.1,171.3,19.5,19.8,20,20.5
3369,BHESPA,42,33.1,171.7,22.3,23.1,24.6,26
3369A,MEZZLE,42,35.0,171.2,0.0,0.0,0.0,0.0
3370,PORTAN,42,34.9,173.9,0.0,0.0,0.0,0.0
3371,EUGEP3,42,37.9,172.6,39.0,39.2,39.6,40.6
3372,GREWMI,42,38.1,170.0,17.2,17.4,17.3,17.6
3372A,HOPEDR,42,38.8,169.5,12.4,13.1,13.8,14.6
3374,XYLOFS,42,39.7,178.5,19.2,0.0,0.0,0.0
3375,CHISER,42,39.2,168.3,0.0,0.0,0.0,0.0
3376,CROTAR,42,39.4,166.4,0.0,0.0,0.0,0.0
3377,DRYPLO,42,38.9,165.2,0.0,0.0,0.0,0.0
3378,MILLAT,42,39.1,164.3,25.2,26.0,27.2,28
3379,ACTIPR,42,39.7,161.6,0.0,0.0,0.0,0.0
3379A,CALODI,42,34.7,160.9,0.0,0.0,0.0,0.0
3380,PALAMA,42,35.9,164.5,27.5,28.8,30,31.6
3380A,MEL1FU,42,0.0,0.0,0.0,0.0,0.0,0.0
3380B,MYRICI,42,36.6,164.5,0.0,11.8,12.5,13
3373,DACRR2,43,40.4,170.8,7.7,19.3,20.1,20.2
3381,DACRLA,43,41.0,160.2,20.7,21.0,21.7,22
3381A,CALODI,43,40.5,161.5,0.0,0.0,0.0,0.0
3381B,HOPEDR,43,43.0,160.7,10.8,11.9,12.5,13.6
3382,XYLOFS,43,41.8,160.0,0.0,0.0,0.0,0.0
3383,DIALWA,43,43.0,161.8,15.2,15.4,15.4,0.0
3384,SHORM1,43,44.9,160.1,0.0,0.0,0.0,0.0
3384A,ELATTA,43,46.8,160.2,0.0,10.1,10,0.0
3385,ALPHMA,43,47.8,160.1,18.8,19.0,19.2,19.4
3385A,SINDVE,43,51.8,160.6,10.6,11.0,11.3,11.6
3386,OCHAAM,43,49.7,162.9,27.1,27.2,27.2,27.9
3386A,MEZZLE,43,51.9,163.0,12.3,12.8,13.3,14
3387,ALPHMA,43,50.7,164.3,0.0,0.0,0.0,0.0
3388,BEILP2,43,50.7,168.4,0.0,0.0,0.0,0.0
3389,RYPAKU,43,45.3,168.0,20.0,20.6,20.5,21.3
3389A,DACRR1,43,46.4,165.6,13.6,14.4,14.7,15.4
3390,POMEPA,43,43.7,168.4,14.0,14.0,13.9,13.8
3391,LANSDO,43,42.5,169.9,0.0,0.0,0.0,0.0
3392,OCHAAM,43,40.5,171.3,24.3,24.8,24.8,25.4
3393,GONOGR,43,42.3,172.6,0.0,0.0,0.0,0.0
3394,LANSDO,43,41.8,173.9,0.0,0.0,0.0,0.0
3395,LEPISE,43,42.8,173.1,0.0,0.0,0.0,0.0
3396,PTEREC,43,45.8,172.7,25.5,25.5,25.6,25.4
3397,LITHSU,43,50.7,173.6,0.0,0.0,0.0,0.0
3398,XANTEU,43,50.4,177.5,14.1,13.7,0.0,0.0
3399,TRI1HY,43,44.5,177.8,27.2,27.5,28.3,28.7
3400,SANTTO,43,42.6,178.7,41.3,41.7,42.3,43.6
3401,DACRR1,43,44.1,179.7,25.6,25.6,0.0,0.0
3402,DIPTC1,43,52.9,177.0,10.8,10.9,10.8,11
3402A,SHORP2,43,52.4,177.0,12.8,12.8,12.8,12.8
3403,SHORAC,43,57.1,178.9,49.0,49.5,50.3,51
3403A,EUGECL,43,55.3,179.4,11.0,11.5,11.9,11.8
3404,ARCHBU,43,57.0,177.8,0.0,0.0,0.0,0.0
3404A,SHORP1,43,57.0,175.5,16.7,17.0,17.5,18.3
3405,XANTGR,43,54.4,174.2,11.9,28.0,29.1,30.1
3406,MONOMA,43,53.8,172.5,27.5,28.0,28.2,28.9
3407,DACRR1,43,54.4,172.2,30.7,31.0,30.8,31
3408,SHORDA,43,56.5,171.1,93.2,93.2,94.2,94.2
3408A,CROTAR,43,56.4,170.0,0.0,10.1,10.2,10.4
3409,PIMEGR,43,56.3,170.1,0.0,0.0,0.0,0.0
3410,CALODI,43,56.7,168.5,23.6,23.9,17.7,24
3410A,SHORP2,43,55.1,167.2,11.3,11.8,12.5,13.2
3411,BACCRE,43,59.1,171.0,16.8,18.9,18.9,19.6
3412,KIBAAR,43,59.9,165.0,11.0,12.8,12.8,12.7
3412A,APORNI,43,57.3,160.0,13.9,14.0,14.5,14.1
3413,CROTAR,43,59.5,162.7,0.0,13.4,13.7,14
3413A,PIMEGR,43,60.0,162.8,0.0,20.5,21.2,21.5
3415,PALAH2,44,69.6,163.2,45.2,45.4,45.7,46
3415A,PAROVA,44,67.0,165.8,25.0,25.2,25.5,26
3416,XERONO,44,70.1,163.1,24.0,24.5,25.5,24.6
3416A,KOILLO,44,71.9,164.1,0.0,0.0,0.0,0.0
3416B,POL1SU,44,71.3,163.2,13.7,13.8,13.9,14
3416C,ALANEB,44,70.4,163.0,12.3,13.0,13.4,14
3417,SHORM1,44,66.2,169.7,0.0,0.0,0.0,0.0
3417A,PALAMA,44,68.3,170.1,19.5,19.8,19.9,20.1
3417B,ALANEB,44,72.1,167.9,15.2,15.7,15.6,15.8
3418,CYATRA,44,69.9,170.3,0.0,0.0,0.0,0.0
3419,XYLOFS,44,69.9,171.2,0.0,0.0,0.0,0.0
3419A,BACCMI,44,60.0,160.0,0.0,0.0,0.0,0.0
3420,SANTTO,44,64.1,169.9,38.9,38.6,38.2,39.6
3420A,PORTAN,44,65.0,172.0,12.2,12.1,12.1,11.6
3420B,GARCAT,44,64.0,172.2,10.1,10.3,10.2,10.8
3421,POL1HY,44,61.9,171.2,0.0,0.0,0.0,0.0
3422,ARCHBU,44,64.6,178.1,0.0,0.0,0.0,0.0
3423,DIOSLA,44,69.4,176.5,0.0,0.0,0.0,0.0
3424,DRYPLO,44,72.6,172.3,0.0,0.0,0.0,0.0
3425,DACRCO,44,72.1,178.2,0.0,0.0,0.0,0.0
3425A,SHORL1,44,75.1,178.7,15.0,15.9,17.3,18.4
3425B,SHORL1,44,72.7,178.5,18.0,20.0,21.6,22
3426,XYLOM1,44,71.6,178.1,0.0,0.0,0.0,0.0
3428,RYPAKU,44,79.7,178.3,0.0,0.0,0.0,0.0
3429,CANTDI,44,79.8,175.7,0.0,0.0,0.0,0.0
3430,GREWBL,44,75.9,172.9,0.0,0.0,0.0,0.0
3430A,MONOMA,44,70.9,173.0,24.8,26.1,28.1,28.7
3430B,DACRR1,44,73.3,173.5,14.8,11.8,12.6,11.8
3431,NEOBHE,44,75.1,170.2,18.4,18.7,18.8,19.3
3431A,APORAU,44,74.4,170.4,10.7,10.8,10.7,10.6
3431B,ALANEB,44,74.1,169.0,11.0,11.3,11.1,10.8
3432,KOOMMA,44,77.2,166.8,0.0,0.0,0.0,0.0
3432A,PAYELU,44,0.0,0.0,0.0,0.0,0.0,0.0
3432B,PEN1MO,44,78.8,169.4,0.0,10.3,10.9,11
3433,BARRPE,44,74.5,163.6,20.1,20.1,20.1,0.0
3433A,SCA1SP,44,70.4,163.2,0.0,10.1,10.2,10.3
3434,DIOSLA,44,79.9,165.2,0.0,0.0,0.0,0.0
3496,XANTEU,44,63.7,179.8,0.0,0.0,0.0,0.0
3435,XERONO,45,80.9,161.7,0.0,0.0,0.0,0.0
3436,DACRR1,45,80.2,169.6,20.2,20.4,20.3,20.1
3436A,CYNOMA,45,85.4,168.3,13.6,13.6,14.8,14.1
3436B,XERONO,45,82.9,168.6,16.3,16.3,16.3,16.4
3436C,BUCHSE,45,82.0,164.0,12.4,12.5,0.0,0.0
3436D,DIALPL,45,,,0.0,0.0,11.5,13.2
3437,ARTORI,45,82.9,171.2,0.0,0.0,0.0,0.0
3438,SARADE,45,86.1,179.1,16.0,16.1,16,16.3
3438A,GIRONE,45,82.8,178.7,0.0,11.8,12,12.6
3439,SARADE,45,87.3,177.2,23.5,23.5,23.5,25.6
3439A,SARADE,45,86.8,176.0,24.1,24.3,24.1,24.3
3440,SARADE,45,89.3,179.6,0.0,0.0,0.0,0.0
3441,SARADE,45,89.6,178.1,25.9,25.9,26.7,27.6
3442,SARADE,45,87.5,171.7,17.5,19.5,17.5,17.3
3442A,DRYPPO,45,85.8,172.0,10.3,10.8,10.7,10.8
3443,SARADE,45,88.4,170.2,19.0,18.8,19.7,20
3444,SARADE,45,89.2,169.1,38.3,38.2,39.1,39.3
3445,SARADE,45,89.8,166.2,0.0,0.0,0.0,0.0
3446,SARADE,45,91.3,162.7,47.0,47.1,44.2,44.3
3448,SARADE,45,92.2,171.5,0.0,0.0,0.0,0.0
3449,SARADE,45,94.9,172.5,0.0,0.0,0.0,0.0
3450,SARADE,45,94.0,174.6,48.1,48.1,48.2,48.6
3450A,SARADE,45,92.2,174.5,16.6,16.6,17.2,18
3451,SARADE,45,92.8,175.9,32.5,32.5,32.5,32.7
3452,SARADE,45,93.7,177.7,15.4,15.4,15.5,15.7
3453,SARADE,45,95.9,177.1,13.8,13.8,14,14.3
3453A,SARADE,45,99.2,177.7,12.6,12.8,12.9,13.2
3454,SARADE,45,95.6,178.4,34.5,34.7,32.1,32.2
3455,SARADE,45,95.8,179.6,25.6,25.8,26.7,28
3456,SARADE,45,99.7,172.7,0.0,0.0,0.0,0.0
3457,KNEMMA,45,95.7,165.2,0.0,0.0,0.0,0.0
3458,MEMEO2,45,99.2,162.5,0.0,0.0,0.0,0.0
3460,BARRPE,46,81.7,190.3,52.4,53.0,53.4,54.5
3460A,BACCRA,46,82.4,189.5,13.7,13.7,13.8,13.9
3460B,RYPAKU,46,82.6,186.4,14.6,16.3,20,20.6
3460C,XYLOCA,46,83.4,185.1,21.6,22.8,23.9,24.8
3461,DACRR2,46,81.6,192.1,0.0,0.0,0.0,0.0
3462,ARTOSC,46,81.5,194.3,0.0,0.0,0.0,0.0
3463,LEPISE,46,84.9,196.0,0.0,0.0,0.0,0.0
3464,GIRONE,46,86.6,195.9,0.0,0.0,0.0,0.0
3465,MYRIM2,46,87.6,194.6,61.5,61.5,61.8,62.3
3465A,LEPISE,46,88.0,194.4,13.0,13.2,13.1,13.5
3466,LANSDO,46,84.2,199.2,20.8,20.9,0.0,0.0
3466A,HOPEME,46,80.8,197.9,0.0,0.0,0.0,0.0
3467,EUGEFI,46,85.1,197.5,0.0,0.0,0.0,0.0
3468,CANAP2,46,89.3,197.9,0.0,0.0,0.0,0.0
3469,XERONO,46,93.1,199.7,0.0,0.0,0.0,0.0
3470,SARADE,46,89.9,191.9,32.5,32.5,33.6,37.5
3471,SARADE,46,86.8,186.7,0.0,0.0,0.0,0.0
3472,SARADE,46,88.1,184.6,21.0,21.1,0.0,0.0
3473,SARADE,46,87.8,184.7,19.2,19.2,19.1,19.2
3474,SARADE,46,88.5,184.6,48.9,49.0,50.1,52.4
3475,KNEMLA,46,89.0,185.2,0.0,0.0,0.0,0.0
3476,SARADE,46,94.5,192.0,16.3,16.4,16.3,16.4
3476A,SARADE,46,95.2,191.3,10.7,10.7,11.2,11.3
3477,SARADE,46,94.9,196.7,17.3,17.3,18.5,18.1
3478,SARADE,46,95.5,198.2,36.2,36.2,36.3,37.1
3479,SARADE,46,96.5,198.6,0.0,0.0,0.0,0.0
3480,SARADE,46,98.8,199.3,12.1,12.2,12.4,12.6
3480A,SARADE,46,96.4,199.5,13.2,13.2,13.8,15.1
3481,SARADE,46,99.6,197.4,0.0,0.0,0.0,0.0
3482,SARADE,46,91.6,199.5,21.9,21.9,21.5,21.6
3482A,SARADE,46,89.4,199.6,12.5,12.5,13.1,13
3482B,SARADE,46,87.8,199.8,10.3,10.3,10.2,10.1
3483,SARADE,46,91.9,180.0,28.0,28.0,28.1,31.4
3484,SARADE,46,97.0,188.5,36.0,36.1,0.0,0.0
3485,SARADE,46,95.2,188.4,21.6,21.6,21.4,20.6
3485A,SARADE,46,92.1,188.8,16.8,16.8,16.6,17.3
3486,SARADE,46,90.3,185.7,21.8,21.8,22.4,22.8
3487,SARADE,46,91.7,183.9,19.1,19.1,20,21.6
3488,SARADE,46,99.5,185.9,32.0,32.0,33.3,33.7
3488A,SARADE,46,99.6,184.2,15.0,15.1,15.1,15.7
3489,SARADE,46,99.9,183.7,18.2,18.2,19.7,20.5
3490,SARADE,46,99.9,182.5,0.0,0.0,0.0,0.0
3491,SARADE,46,99.6,181.2,25.0,25.1,25.4,25.8
3491A,SARADE,46,98.6,181.0,11.3,11.4,11.5,12.2
3492,SARADE,46,99.7,180.6,14.1,14.1,14.2,15.6
3493,SARADE,46,94.3,180.5,12.9,13.0,13,13.8
3493A,SARADE,46,93.0,180.4,15.7,15.7,15.6,15.8
3494,SARADE,46,92.4,181.9,15.3,15.1,15.2,15.7
3495,DIPTC1,47,0.0,0.0,0.0,0.0,0.0,0.0
3497,BACCRA,47,65.7,181.4,0.0,0.0,0.0,0.0
3497A,XYLOM2,47,64.6,182.4,10.8,13.1,13.2,13.4
3497B,ALPHEL,47,63.8,184.6,10.8,11.2,11.3,12.6
3497C,EUGE10,47,62.7,186.4,19.6,19.6,19.9,20.3
3498,DIPLMA,47,68.5,183.8,0.0,0.0,0.0,0.0
3499,POL1SC,47,61.8,188.8,21.6,0.0,0.0,0.0
3499A,DIALPL,47,62.6,189.0,24.2,25.1,27.3,29.8
3500,SHORAC,47,62.8,191.3,0.0,0.0,0.0,0.0
3501,DIALPR,47,69.1,193.9,0.0,0.0,0.0,0.0
3501,ELAENI,47,0.0,0.0,16.8,0.0,0.0,0.0
3502,POPOTC,47,70.5,194.5,0.0,0.0,0.0,0.0
3503,CALODI,47,70.6,195.9,0.0,0.0,0.0,0.0
3503A,SHORL1,47,69.2,196.3,17.0,17.2,18.5,19.3
3503B,CROTAR,47,70.9,196.8,13.3,0.0,0.0,0.0
3504,ANI1LA,47,62.2,196.0,13.8,13.0,13.1,14.6
3504A,ADENBI,47,63.7,194.5,32.2,33.5,33.7,34.1
3504B,GREWFI,47,66.5,197.2,10.7,11.5,11.9,12.5
3504C,MILLAT,47,61.4,196.4,10.9,11.1,11.1,11.1
3505,EUGEDE,47,62.7,196.4,12.1,12.0,12,12.1
3505A,EUGEDE,47,63.1,193.2,12.6,12.6,12.6,12.6
3505B,ANI1LA,47,66.0,197.4,0.0,11.0,0.0,0.0
3506,XERONO,47,63.1,197.5,0.0,0.0,0.0,0.0
3506A,SHORM1,47,62.0,198.5,22.8,23.2,23.6,25.9
3506B,APORBR,47,61.3,199.8,12.0,11.9,11.9,11.8
3507,OCHAAM,47,68.0,199.8,0.0,0.0,0.0,0.0
3508,CANTDI,47,72.5,195.0,0.0,0.0,0.0,0.0
3509,RYPAKU,47,74.3,192.6,0.0,0.0,0.0,0.0
3510,SAPIBA,47,77.0,196.5,0.0,0.0,0.0,0.0
3511,PARKSP,47,76.9,197.2,28.5,28.5,0.0,0.0
3512,SHORL1,47,79.3,194.6,62.5,63.7,64.2,64.2
3512A,CALORU,47,79.1,195.5,10.9,11.5,11.9,12.4
3512B,MEL1TO,47,76.5,193.3,10.3,10.8,11.1,11
3512C,CALODI,47,79.0,192.5,13.1,13.5,13.5,13.7
3514,CANALR,47,79.2,191.8,0.0,0.0,0.0,0.0
3515,KOILLO,47,78.9,189.0,0.0,0.0,0.0,0.0
3516,PTYCCO,47,77.4,188.2,16.9,17.0,16.8,16.9
3516A,IXONIC,47,79.2,184.5,29.7,30.5,32.7,33.5
3516B,PIMEGR,47,76.7,188.0,10.2,10.3,10.2,10.5
3517,GARCS1,47,74.8,188.7,0.0,0.0,0.0,0.0
3518,POPOTC,47,70.3,190.9,0.0,0.0,0.0,0.0
3518A,KNEMCU,47,68.6,189.6,13.6,13.8,13.6,13.7
3518B,ARTOSC,47,68.4,190.3,20.2,21.1,21,21
3518C,PIMEGR,47,69.5,191.1,13.5,14.4,15,15.7
3519,POL1RU,47,71.1,188.3,0.0,0.0,0.0,0.0
3520,LITHCU,47,76.6,180.6,0.0,0.0,0.0,0.0
3521,CHISTO,47,74.1,180.9,15.2,15.3,15.3,15.5
3521A,CROTAR,47,73.8,182.8,14.5,15.2,16,15.1
3521B,SAR1GR,47,71.1,182.2,23.3,24.5,24.9,25.2
3521C,SANDKO,47,70.4,181.4,11.0,11.1,11.6,11.8
3495A,SHORM1,48,55.3,182.2,21.8,21.6,21.9,22.3
3522,SCA2MA,48,41.7,181.2,47.7,48.1,49.2,50.2
3523,POL1SU,48,45.4,180.9,0.0,0.0,0.0,0.0
3524,BACCRE,48,43.7,184.5,38.7,40.2,40.8,41.5
3525,DRYPLO,48,49.2,184.0,20.8,20.8,20.9,20.9
3525A,AAAAAA,48,0.0,0.0,0.0,0.0,0.0,0.0
3525B,CROTAR,48,49.4,185.0,11.3,11.7,12,13.2
3526,RYPAAC,48,52.4,183.5,13.0,0.0,0.0,0.0
3527,POL1SU,48,48.2,188.8,0.0,0.0,0.0,0.0
3527A,ALANEB,48,52.4,189.0,12.8,13.0,13,13.2
3528,ALANRI,48,45.7,189.7,26.6,27.2,27.5,27.5
3528A,EUGESP,48,46.3,190.8,14.3,14.7,14.8,14.9
3529,SANTLA,48,47.8,194.3,0.0,0.0,0.0,0.0
3529A,SHORP1,48,43.7,194.9,31.9,33.4,35,35.8
3529B,XERONO,48,43.6,195.1,11.6,11.9,12.1,12.5
3530,SHORBR,48,50.3,195.0,0.0,0.0,0.0,0.0
3530A,TRIOMA,48,51.8,194.7,18.1,18.8,19.4,20.2
3531,PIMEGR,48,50.5,193.5,23.7,24.0,24.2,24.4
3532,CYNOMA,48,49.7,199.3,19.9,19.9,20,20
3532A,CROTAR,48,49.2,197.6,17.3,17.9,17.5,17.8
3533,MESUFE,48,58.3,195.8,0.0,0.0,0.0,0.0
3533A,EUGES2,48,54.8,199.6,16.0,16.2,16.2,16.6
3533B,SHORM1,48,57.3,196.6,27.2,28.5,30,30.7
3534,MANGFO,48,57.5,191.5,77.0,81.9,82.4,83.2
3534A,PIMEGR,48,55.8,190.2,21.4,21.7,21.6,22.3
3534B,CALODI,48,55.6,190.2,0.0,10.2,10.5,0.0
3535,DACRCO,48,52.3,189.9,38.2,38.2,38.3,38.3
3535A,PEN1MO,48,0.0,0.0,16.0,0.0,0.0,0.0
3536,LITHRA,48,58.1,184.4,29.8,31.5,33,33.8
3537,CALOWA,48,58.3,183.4,0.0,0.0,0.0,0.0
3538,APORBR,48,54.4,183.2,0.0,0.0,0.0,0.0
3538A,HOPEDR,48,53.7,185.2,28.8,30.5,31.2,31.4
3539,MEMEO2,48,56.5,180.6,31.3,32.6,32.5,33.2
3539A,SHORM1,48,0.0,0.0,0.0,0.0,0.0,0.0
3539B,ALPHEL,48,56.7,181.3,10.8,0.0,0.0,0.0
3539C,ALPHEL,48,56.8,181.4,10.8,0.0,0.0,0.0
3540,PTEREC,49,25.3,181.1,25.2,26.0,25.8,26
3541,SHORM3,49,31.3,180.2,0.0,0.0,0.0,0.0
3542,NEPHPA,49,34.1,180.3,0.0,0.0,0.0,0.0
3542A,ACTIPO,49,0.0,0.0,0.0,0.0,0.0,0.0
3543,DACRR1,49,26.6,187.7,0.0,0.0,0.0,0.0
3544,MONOMA,49,25.7,188.9,31.6,32.1,32.2,34.1
3544A,ALPHMA,49,23.9,191.4,12.7,12.9,12.9,13
3544B,CALODI,49,22.9,190.4,16.1,16.7,17.7,18.6
3544C,EUGESD,49,27.2,190.0,13.6,13.8,13.8,13.8
3545,ALANRI,49,21.1,185.7,0.0,0.0,0.0,0.0
3545A,CRY1IN,49,20.8,186.6,0.0,10.6,10.5,12.3
3546,MONOMA,49,32.1,194.7,43.6,45.2,46.3,46.9
3546A,PORTAN,49,31.9,191.0,15.8,15.8,15.7,16.2
3546B,VATIBE,49,32.5,196.7,14.5,15.3,15.3,16
3546C,CINNIN,49,32.7,192.2,13.6,13.8,14,14.3
3546D,SHORP1,49,34.6,191.7,11.5,11.9,0.0,0.0
3546E,TIMOWA,49,31.0,194.5,11.6,11.9,12.2,12.5
3546F,CROTLA,49,,,0.0,0.0,10.2,0.0
3546G,,49,,,0.0,0.0,0.0,11.2
3547,CALOWA,49,36.0,196.7,0.0,0.0,0.0,0.0
3547A,AIDICO,49,37.5,194.5,21.3,21.5,21.9,22.1
3547B,SHORP1,49,36.3,194.4,39.1,42.3,45,47.3
3547C,CROTAR,49,35.1,195.0,12.0,12.2,12.2,12.6
3548,APORSY,49,38.1,191.0,0.0,0.0,0.0,0.0
3549,SHORP1,49,39.1,196.1,0.0,0.0,0.0,0.0
3550,NEPHMA,49,35.0,185.0,0.0,0.0,0.0,0.0
3551,POL1HY,49,36.9,184.4,0.0,13.5,14,13.9
3551A,SHORP1,49,39.0,187.2,45.5,47.5,48.8,50.2
3551B,ACROPO,49,33.4,183.1,17.6,18.6,0.0,0.0
3551C,PEN1MO,49,34.6,183.7,13.9,13.7,14,14.1
3552,INTSPA,49,35.9,180.6,31.5,26.5,26.2,26.8
3552A,MONOMA,49,35.6,182.6,25.2,32.8,33.3,33.9
3553,ALANRI,50,5.5,190.1,27.0,27.3,0.0,0.0
3553A,GREWMI,50,4.8,190.0,15.5,15.7,16.2,16.5
3554,EUGERI,50,5.8,189.6,0.0,0.0,0.0,0.0
3554A,SCA1SP,50,3.0,186.8,13.0,13.1,13.2,13.7
3554B,GARCBA,50,2.7,186.2,31.2,32.9,34.9,36.6
3554C,DACRRO,50,2.7,184.8,10.5,10.5,10.3,0.0
3555,HOPEME,50,8.3,192.7,0.0,0.0,0.0,0.0
3555A,CALODI,50,5.4,191.2,22.4,22.5,22.8,23.3
3555B,CROTLA,50,5.8,192.4,19.8,20.5,21,22.6
3555C,VATIBE,50,4.8,190.8,10.3,10.7,11.1,12.4
3556,EUGERI,50,3.2,192.5,0.0,0.0,0.0,0.0
3556A,GREWBL,50,1.7,191.1,10.9,11.7,12.2,13.4
3557,POL1HY,50,2.2,194.4,0.0,0.0,0.0,0.0
3558,XYLOFS,50,10.2,197.9,29.9,29.3,29.6,29.3
3558A,,50,,,0.0,0.0,10.5,11.4
3559,EUGEFI,50,12.8,193.9,0.0,0.0,0.0,0.0
3560,SHORM1,50,13.4,191.0,57.9,0.0,0.0,0.0
3561,DURIGR,50,15.8,189.2,0.0,0.0,0.0,0.0
3561A,NEPHMA,50,17.1,187.4,21.5,21.9,22.2,22.5
3561B,ANI1LA,50,17.8,182.6,25.5,26.4,26.4,27
3561C,OCHAAM,50,19.5,184.7,19.6,20.1,20.6,21.7
3561D,SHORL1,50,12.6,186.7,24.5,27.2,30.8,0.0
3561E,MESURA,50,18.6,198.0,0.0,11.2,11.7,12.1
3561F,CANAPA,50,13.8,188.0,0.0,10.1,11,0.0
3562,SAR1GR,50,16.4,190.2,0.0,0.0,0.0,0.0
3563,SHORM2,50,16.9,192.0,0.0,0.0,0.0,0.0
3564,MESURA,50,19.2,191.3,26.6,27.0,27.6,28
3565,DURIGR,50,17.7,197.6,0.0,0.0,0.0,0.0
3566,OCHAAM,50,16.6,198.1,32.2,32.5,32.7,33.1
3567,KNEMSC,50,19.9,197.1,22.8,23.0,23.6,24.4
3569,BACCHO,50,16.4,186.1,0.0,0.0,0.0,0.0