TAG,Species,QUAD,Hectare,XCO,YCO,Year,DBH,Size Class,Size Class by Inch,Status,Age,Age Class,Density,AGB,Carbon,Basal Area,Dom,RFre,RDom,RDen,IV,Growth,Growth rate,Height,LifeSpan
2324A,NAUCOF,1,1,10.5,11.8,2019,12.0,Understory,1-5,Alive,7,Young,2.5,350.56,0.02,0.11,0.05,500.00,5.32,250.00,755.32,0.6,0.3,17.2,0
2325B,GREWMI,1,1,1.6,13.7,2019,24.8,Understory,6-11,Alive,40,Intermediate,6.0,"8,383.53",0.39,0.22,0.11,"1,200.00",10.99,600.00,"1,810.99",0.5,0.25,27.4,0
2330C,APORCO,1,1,19.1,12.0,2019,13.8,Understory,1-5,Alive,7,Young,0.5,107.56,0.01,0.12,0.06,100.00,6.11,50.00,156.11,0.5,0.25,19.0,0
2330D,SHORM1,1,1,18.2,12.8,2019,13.6,Understory,1-5,Alive,7,Young,21.0,"4,318.67",0.2,0.12,0.06,"4,200.00",6.03,"2,100.00","6,306.03",0.7,0.35,18.8,10
2331A,PORTAN,1,1,19.1,10.6,2019,13.1,Understory,1-5,Alive,7,Young,11.5,"2,107.67",0.1,0.12,0.06,"2,300.00",5.8,"1,150.00","3,455.80",0.0,0.0,18.3,0
2332A,MACALO,1,1,20.0,10.5,2019,12.4,Understory,1-5,Alive,7,Young,17.0,"2,633.94",0.12,0.11,0.05,"3,400.00",5.49,"1,700.00","5,105.49",-0.2,-0.1,17.6,0
2335A,XERONO,1,1,14.5,7.5,2019,13.3,Understory,1-5,Alive,7,Young,10.5,"2,016.06",0.09,0.12,0.06,"2,100.00",5.89,"1,050.00","3,155.89",0.1,0.05,18.5,11
2335C,CROTLA,1,1,15.6,6.4,2019,11.4,Understory,1-5,Alive,7,Young,11.0,"1,320.58",0.06,0.1,0.05,"2,200.00",5.05,"1,100.00","3,305.05",0.3,0.15,16.6,5
2336,PTYCCO,1,1,15.6,1.1,2019,13.3,Understory,1-5,Alive,54,Intermediate,7.0,"1,344.04",0.06,0.12,0.06,"1,400.00",5.89,700.00,"2,105.89",0.0,0.0,18.5,0
2337A,DIOSNU,1,1,16.2,0.5,2019,11.3,Understory,1-5,Alive,7,Young,0.5,58.45,0.0,0.1,0.05,100.00,5.01,50.00,155.01,0.1,0.05,16.5,0
2338,KNEMMA,1,1,14.6,0.0,2019,25.7,Understory,6-11,Alive,55,Intermediate,5.5,"8,645.24",0.41,0.23,0.11,"1,100.00",11.39,550.00,"1,661.39",-0.2,-0.1,27.9,6
2339B,XYLOM2,1,1,8.8,1.4,2019,14.6,Understory,6-11,Alive,28,Intermediate,3.0,768.44,0.04,0.13,0.06,600.00,6.47,300.00,906.47,-1.9,-0.95,19.7,0
2343,MANGQU,2,1,31.1,2.5,2019,11.1,Understory,1-5,Alive,7,Young,7.0,775.47,0.04,0.1,0.05,"1,400.00",4.92,700.00,"2,104.92",-0.1,-0.05,16.3,0
2343B,HORSCR,2,1,28.5,1.0,2019,11.9,Understory,1-5,Alive,7,Young,0.5,68.35,0.0,0.11,0.05,100.00,5.27,50.00,155.27,0.1,0.05,17.1,0
2345,DACRR1,2,1,33.5,0.4,2019,11.9,Understory,1-5,Alive,52,Intermediate,22.0,"3,007.56",0.14,0.11,0.05,"4,400.00",5.27,"2,200.00","6,605.27",-0.1,-0.05,17.1,0
2349C,SHORP1,2,1,23.5,7.0,2019,11.7,Understory,1-5,Alive,7,Young,12.0,"1,558.33",0.07,0.1,0.05,"2,400.00",5.18,"1,200.00","3,605.18",-0.1,-0.05,16.9,0
2350A,NEPHOP,2,1,21.4,6.2,2019,12.1,Understory,1-5,Alive,4,Young,1.0,143.81,0.01,0.11,0.05,200.00,5.36,100.00,305.36,1.1,0.55,17.3,0
2354,HERISI,2,1,32.1,17.4,2019,11.4,Understory,1-5,Alive,52,Intermediate,2.0,240.11,0.01,0.1,0.05,400.00,5.05,200.00,605.05,-0.1,-0.05,16.6,0
2362,DACRR1,2,1,36.0,7.3,2019,18.8,Understory,6-11,Alive,54,Intermediate,22.0,"12,504.60",0.59,0.17,0.08,"4,400.00",8.33,"2,200.00","6,608.33",0.2,0.1,23.3,0
2362A,ANI2CO,2,1,37.1,10.2,2019,14.7,Understory,6-11,Alive,7,Young,1.0,261.64,0.01,0.13,0.07,200.00,6.51,100.00,306.51,0.2,0.1,19.8,0
2362B,SANTLA,2,1,35.3,9.8,2019,10.8,Understory,1-5,Alive,7,Young,9.0,918.25,0.04,0.1,0.05,"1,800.00",4.79,900.00,"2,704.79",-0.2,-0.1,16.0,4
2367D,DIPLMA,3,1,41.4,7.0,2019,11.0,Understory,1-5,Alive,4,Young,5.5,592.93,0.03,0.1,0.05,"1,100.00",4.87,550.00,"1,654.87",0.5,0.25,16.2,0
2367F,EUGETU,3,1,46.2,7.2,2019,11.6,Understory,1-5,Alive,4,Young,1.0,126.53,0.01,0.1,0.05,200.00,5.14,100.00,305.14,0.9,0.45,16.8,8
2369,MANGQU,3,1,43.2,12.9,2019,17.2,Understory,6-11,Alive,53,Intermediate,7.0,"2,998.01",0.14,0.15,0.08,"1,400.00",7.62,700.00,"2,107.62",0.2,0.1,22.0,0
2370,GANUSN,3,1,40.4,13.4,2019,13.5,Understory,1-5,Alive,16,Young,4.0,804.11,0.04,0.12,0.06,800.00,5.98,400.00,"1,205.98",0.0,0.0,18.7,0
2375A,MYRICI,3,1,49.5,15.8,2019,11.0,Understory,1-5,Alive,7,Young,1.0,107.81,0.01,0.1,0.05,200.00,4.87,100.00,304.87,0.0,0.0,16.2,0
2375B,GARCNE,3,1,47.3,15.8,2019,11.5,Understory,1-5,Alive,4,Young,0.5,61.63,0.0,0.1,0.05,100.00,5.1,50.00,155.10,1.3,0.65,16.7,6
2377,OCHAAM,3,1,48.7,11.8,2019,18.4,Understory,6-11,Alive,53,Intermediate,10.0,"5,306.60",0.25,0.16,0.08,"2,000.00",8.15,"1,000.00","3,008.15",0.1,0.05,23.0,0
2377B,GREWMI,3,1,48.0,12.0,2019,12.9,Understory,1-5,Alive,7,Young,6.0,"1,048.99",0.05,0.11,0.06,"1,200.00",5.72,600.00,"1,805.72",0.9,0.45,18.1,0
2378B,PAYELU,3,1,56.6,16.5,2019,13.2,Understory,1-5,Alive,7,Young,6.0,"1,125.63",0.05,0.12,0.06,"1,200.00",5.85,600.00,"1,805.85",0.1,0.05,18.4,8
2379,CLE1SU,3,1,58.0,12.2,2019,14.9,Understory,6-11,Alive,53,Intermediate,4.5,"1,227.95",0.06,0.13,0.07,900.00,6.6,450.00,"1,356.60",0.8,0.4,20.0,0
2382A,MACALO,3,1,55.0,0.6,2019,11.7,Understory,1-5,Alive,4,Young,17.0,"2,207.64",0.1,0.1,0.05,"3,400.00",5.18,"1,700.00","5,105.18",0.9,0.45,16.9,0
2384,POMEPA,4,1,61.0,3.5,2019,12.5,Understory,1-5,Alive,22,Intermediate,3.0,476.34,0.02,0.11,0.06,600.00,5.54,300.00,905.54,-0.3,-0.15,17.7,0
2384A,SCA1SP,4,1,69.5,1.8,2019,10.9,Understory,1-5,Alive,7,Young,6.0,629.33,0.03,0.1,0.05,"1,200.00",4.83,600.00,"1,804.83",-0.1,-0.05,16.1,0
2388,CLE1SU,4,1,65.5,4.9,2019,14.9,Understory,6-11,Alive,52,Intermediate,4.5,"1,227.95",0.06,0.13,0.07,900.00,6.6,450.00,"1,356.60",0.2,0.1,20.0,0
2389A,SHORP2,4,1,70.5,6.0,2019,16.8,Understory,6-11,Alive,7,Young,11.5,"4,572.18",0.21,0.15,0.07,"2,300.00",7.44,"1,150.00","3,457.44",1.4,0.7,21.7,0
2389C,SHORM1,4,1,73.8,6.1,2019,13.8,Understory,1-5,Alive,7,Young,21.0,"4,517.58",0.21,0.12,0.06,"4,200.00",6.11,"2,100.00","6,306.11",1.3,0.65,19.0,10
2391B,LITHEW,4,1,71.5,7.0,2019,12.3,Understory,1-5,Alive,7,Young,3.0,453.48,0.02,0.11,0.05,600.00,5.45,300.00,905.45,0.6,0.3,17.5,0
2395B,SHORAC,4,1,69.1,17.1,2019,33.4,Canopy,12-17,Alive,35,Intermediate,8.5,"32,199.20",1.51,0.3,0.15,"1,700.00",14.8,850.00,"2,564.80",2.8,1.4,31.9,0
2395D,MACALO,4,1,67.9,16.5,2019,11.0,Understory,1-5,Alive,7,Young,17.0,"1,832.71",0.09,0.1,0.05,"3,400.00",4.87,"1,700.00","5,104.87",-0.1,-0.05,16.2,0
2395E,DIOSRU,4,1,66.5,15.2,2019,17.1,Understory,6-11,Alive,7,Young,1.0,420.46,0.02,0.15,0.08,200.00,7.58,100.00,307.58,0.3,0.15,21.9,25
2398A,DIPLMA,4,1,62.0,15.7,2019,11.0,Understory,1-5,Alive,4,Young,5.5,592.93,0.03,0.1,0.05,"1,100.00",4.87,550.00,"1,654.87",0.1,0.05,16.2,0
2401,XANTEU,4,1,78.8,14.1,2019,14.8,Understory,6-11,Alive,53,Intermediate,16.0,"4,275.45",0.2,0.13,0.07,"3,200.00",6.56,"1,600.00","4,806.56",-0.1,-0.05,19.9,15
2410,ARCHBU,4,1,79.0,1.4,2019,12.6,Understory,1-5,Alive,52,Intermediate,11.5,"1,870.94",0.09,0.11,0.06,"2,300.00",5.58,"1,150.00","3,455.58",0.0,0.0,17.8,0
2410B,SHORP1,4,1,76.0,0.4,2019,11.8,Understory,1-5,Alive,4,Young,12.0,"1,599.04",0.08,0.1,0.05,"2,400.00",5.23,"1,200.00","3,605.23",0.3,0.15,17.0,0
2423B,ALANEB,5,1,95.4,17.2,2019,10.8,Understory,1-5,Alive,7,Young,4.5,459.12,0.02,0.1,0.05,900.00,4.79,450.00,"1,354.79",0.1,0.05,16.0,5
2423C,OCHAAM,5,1,92.0,0.4,2019,10.3,Understory,1-5,Alive,4,Young,10.0,885.41,0.04,0.09,0.05,"2,000.00",4.56,"1,000.00","3,004.56",-0.3,-0.15,15.4,0
2426A,QUERAR,5,1,98.0,17.1,2019,14.2,Understory,6-11,Alive,7,Young,4.5,"1,057.48",0.05,0.13,0.06,900.00,6.29,450.00,"1,356.29",0.1,0.05,19.4,0
2430A,ELATTA,5,1,96.1,2.3,2019,11.3,Understory,1-5,Alive,7,Young,3.5,409.16,0.02,0.1,0.05,700.00,5.01,350.00,"1,055.01",-0.1,-0.05,16.5,9
2430B,PARKSP,5,1,99.2,3.5,2019,12.7,Understory,1-5,Alive,4,Young,1.5,250.00,0.01,0.11,0.06,300.00,5.63,150.00,455.63,0.4,0.2,17.9,18
2432,POL1JE,5,1,93.2,2.3,2019,19.5,Understory,6-11,Alive,56,Intermediate,3.0,"1,917.09",0.09,0.17,0.09,600.00,8.64,300.00,908.64,0.9,0.45,23.8,0
2432B,DIOSSU,5,1,92.5,1.2,2019,10.1,Understory,1-5,Alive,7,Young,1.0,83.52,0.0,0.09,0.04,200.00,4.48,100.00,304.48,0.0,0.0,15.2,8
2432C,DIOSBU,5,1,91.2,0.5,2019,12.7,Understory,1-5,Alive,7,Young,5.0,833.34,0.04,0.11,0.06,"1,000.00",5.63,500.00,"1,505.63",-0.1,-0.05,17.9,0
2441B,MACAHY,6,1,81.8,30.5,2019,12.4,Understory,1-5,Alive,7,Young,1.0,154.94,0.01,0.11,0.05,200.00,5.49,100.00,305.49,1.2,0.6,17.6,10
2443A,MACACO,6,1,81.2,22.2,2019,10.8,Understory,1-5,Alive,4,Young,1.5,153.04,0.01,0.1,0.05,300.00,4.79,150.00,454.79,-0.2,-0.1,16.0,0
2446A,AIDICO,6,1,89.8,34.2,2019,11.9,Understory,1-5,Alive,4,Young,2.0,273.41,0.01,0.11,0.05,400.00,5.27,200.00,605.27,0.1,0.05,17.1,0
2453B,DIPTC1,6,1,86.0,39.2,2019,13.1,Understory,1-5,Alive,4,Young,13.5,"2,474.22",0.12,0.12,0.06,"2,700.00",5.8,"1,350.00","4,055.80",0.0,0.0,18.3,6
2454,DIPLMA,6,1,89.3,37.7,2019,16.4,Understory,6-11,Alive,53,Intermediate,5.5,"2,026.70",0.1,0.15,0.07,"1,100.00",7.27,550.00,"1,657.27",0.0,0.0,21.3,0
2454A,SCA1SP,6,1,89.5,36.5,2019,10.4,Understory,1-5,Alive,7,Young,6.0,546.79,0.03,0.09,0.05,"1,200.00",4.61,600.00,"1,804.61",-0.1,-0.05,15.5,0
2456A,CANALL,6,1,81.2,39.7,2019,10.8,Understory,1-5,Alive,4,Young,1.0,102.03,0.0,0.1,0.05,200.00,4.79,100.00,304.79,0.2,0.1,16.0,24
2465A,ARTOIS,6,1,94.0,28.5,2019,15.7,Understory,6-11,Alive,7,Young,3.5,"1,124.58",0.05,0.14,0.07,700.00,6.96,350.00,"1,056.96",0.3,0.15,20.7,6
2465B,MACALO,6,1,94.8,26.0,2019,12.4,Understory,1-5,Alive,7,Young,17.0,"2,633.94",0.12,0.11,0.05,"3,400.00",5.49,"1,700.00","5,105.49",0.0,0.0,17.6,0
2467A,GARCMA,6,1,99.0,22.1,2019,12.6,Understory,1-5,Alive,7,Young,1.5,244.04,0.01,0.11,0.06,300.00,5.58,150.00,455.58,-0.1,-0.05,17.8,8
2467B,DIPTC1,6,1,99.5,26.4,2019,14.7,Understory,6-11,Alive,7,Young,13.5,"3,532.12",0.17,0.13,0.07,"2,700.00",6.51,"1,350.00","4,056.51",1.1,0.55,19.8,6
2469A,GARCPA,6,1,99.6,20.4,2019,11.4,Understory,1-5,Alive,7,Young,2.0,240.11,0.01,0.1,0.05,400.00,5.05,200.00,605.05,0.0,0.0,16.6,0
2478A,DACRRO,7,1,62.2,25.4,2019,21.9,Understory,6-11,Alive,35,Intermediate,4.5,"4,184.42",0.2,0.19,0.1,900.00,9.7,450.00,"1,359.70",0.6,0.3,25.5,7
2478B,SHORP1,7,1,64.6,26.0,2019,14.6,Understory,6-11,Alive,4,Young,12.0,"3,073.75",0.14,0.13,0.06,"2,400.00",6.47,"1,200.00","3,606.47",1.0,0.5,19.7,0
2487A,KNEMLA,7,1,72.5,38.5,2019,11.5,Understory,1-5,Alive,7,Young,4.0,493.05,0.02,0.1,0.05,800.00,5.1,400.00,"1,205.10",0.2,0.1,16.7,0
2496B,TRI3MA,7,1,72.0,28.6,2019,14.1,Understory,6-11,Alive,7,Young,1.0,229.91,0.01,0.12,0.06,200.00,6.25,100.00,306.25,1.7,0.85,19.3,6
2496C,SHORL1,7,1,72.0,27.0,2019,12.7,Understory,1-5,Alive,4,Young,9.0,"1,500.02",0.07,0.11,0.06,"1,800.00",5.63,900.00,"2,705.63",2.2,1.1,17.9,0
2498C,SHORL1,7,1,76.5,20.8,2019,19.5,Understory,6-11,Alive,7,Young,9.0,"5,751.26",0.27,0.17,0.09,"1,800.00",8.64,900.00,"2,708.64",2.2,1.1,23.8,0
2500B,SANTLA,8,1,48.5,22.0,2019,11.7,Understory,1-5,Alive,7,Young,9.0,"1,168.75",0.05,0.1,0.05,"1,800.00",5.18,900.00,"2,705.18",0.0,0.0,16.9,4
2502A,ALPHEL,8,1,48.2,30.2,2019,12.2,Understory,1-5,Alive,7,Young,3.5,516.08,0.02,0.11,0.05,700.00,5.41,350.00,"1,055.41",0.2,0.1,17.4,0
2504,NAUCOF,8,1,40.9,36.9,2019,22.6,Understory,6-11,Alive,57,Intermediate,2.5,"2,575.61",0.12,0.2,0.1,500.00,10.01,250.00,760.01,0.3,0.15,26.0,0
2504D,EUGERI,8,1,40.5,30.8,2019,27.2,Understory,6-11,Alive,7,Young,4.5,"8,539.08",0.4,0.24,0.12,900.00,12.05,450.00,"1,362.05",2.2,1.1,28.8,0
2505A,IXONIC,8,1,41.6,39.0,2019,16.2,Understory,6-11,Alive,7,Young,10.5,"3,722.61",0.17,0.14,0.07,"2,100.00",7.18,"1,050.00","3,157.18",0.7,0.35,21.2,0
2506A,SHORM2,8,1,46.0,38.2,2019,12.5,Understory,1-5,Alive,7,Young,14.0,"2,222.93",0.1,0.11,0.06,"2,800.00",5.54,"1,400.00","4,205.54",0.0,0.0,17.7,0
2507B,NEPHER,8,1,51.0,38.0,2019,13.1,Understory,1-5,Alive,7,Young,2.5,458.19,0.02,0.12,0.06,500.00,5.8,250.00,755.80,0.0,0.0,18.3,0
2515B,SHORL1,8,1,55.7,22.5,2019,14.8,Understory,6-11,Alive,7,Young,9.0,"2,404.94",0.11,0.13,0.07,"1,800.00",6.56,900.00,"2,706.56",-4.1,-2.05,19.9,0
2515C,SHORL1,8,1,55.4,36.6,2019,13.2,Understory,1-5,Alive,4,Young,9.0,"1,688.44",0.08,0.12,0.06,"1,800.00",5.85,900.00,"2,705.85",1.7,0.85,18.4,0
2516B,DURIGR,8,1,56.5,30.0,2019,11.9,Understory,1-5,Alive,4,Young,3.5,478.48,0.02,0.11,0.05,700.00,5.27,350.00,"1,055.27",0.0,0.0,17.1,0
2521,EUGEDE,9,1,26.4,20.2,2019,11.7,Understory,1-5,Alive,48,Intermediate,3.5,454.51,0.02,0.1,0.05,700.00,5.18,350.00,"1,055.18",0.6,0.3,16.9,6
2524A,KOKOOC,9,1,23.2,26.6,2019,12.4,Understory,1-5,Alive,4,Young,0.5,77.47,0.0,0.11,0.05,100.00,5.49,50.00,155.49,0.7,0.35,17.6,0
2525A,CROTLA,9,1,21.8,31.0,2019,11.8,Understory,1-5,Alive,4,Young,11.0,"1,465.78",0.07,0.1,0.05,"2,200.00",5.23,"1,100.00","3,305.23",0.7,0.35,17.0,5
2528A,LITSM2,9,1,28.2,39.2,2019,14.4,Understory,6-11,Alive,35,Intermediate,0.5,122.70,0.01,0.13,0.06,100.00,6.38,50.00,156.38,0.1,0.05,19.6,0
2532C,ELAEFE,9,1,36.5,31.0,2019,10.2,Understory,1-5,Alive,7,Young,1.0,86.00,0.0,0.09,0.05,200.00,4.52,100.00,304.52,-0.3,-0.15,15.3,6
2541A,HORSPS,10,1,1.0,32.4,2019,13.0,Understory,1-5,Alive,7,Young,1.0,179.02,0.01,0.12,0.06,200.00,5.76,100.00,305.76,0.1,0.05,18.2,0
2541B,HUNTZE,10,1,0.5,35.0,2019,12.5,Understory,1-5,Alive,7,Young,0.5,79.39,0.0,0.11,0.06,100.00,5.54,50.00,155.54,0.2,0.1,17.7,0
2546,SANTLA,10,1,9.8,37.3,2019,16.5,Understory,6-11,Alive,52,Intermediate,9.0,"3,380.53",0.16,0.15,0.07,"1,800.00",7.31,900.00,"2,707.31",0.1,0.05,21.4,4
2547A,AGLAE1,10,1,8.5,39.1,2019,13.6,Understory,1-5,Alive,35,Intermediate,0.5,102.83,0.0,0.12,0.06,100.00,6.03,50.00,156.03,0.3,0.15,18.8,0
2548A,DACRRO,10,1,8.3,35.0,2019,15.6,Understory,6-11,Alive,48,Intermediate,4.5,"1,417.23",0.07,0.14,0.07,900.00,6.91,450.00,"1,356.91",0.0,0.0,20.6,7
2554A,SANTLA,10,1,19.5,38.5,2019,13.8,Understory,1-5,Alive,7,Young,9.0,"1,936.11",0.09,0.12,0.06,"1,800.00",6.11,900.00,"2,706.11",0.9,0.45,19.0,4
2556,KNEMMA,10,1,12.3,28.8,2019,15.4,Understory,6-11,Alive,53,Intermediate,5.5,"1,663.64",0.08,0.14,0.07,"1,100.00",6.82,550.00,"1,656.82",1.2,0.6,20.5,6
2557,DIOSBU,10,1,12.4,27.9,2019,25.2,Understory,6-11,Alive,56,Intermediate,5.0,"7,365.03",0.35,0.22,0.11,"1,000.00",11.17,500.00,"1,511.17",0.6,0.3,27.6,0
2559A,INTSPA,10,1,15.0,27.4,2019,11.5,Understory,1-5,Alive,7,Young,3.0,369.79,0.02,0.1,0.05,600.00,5.1,300.00,905.10,0.5,0.25,16.7,0
2563A,EUGERI,10,1,18.1,21.2,2019,12.0,Understory,1-5,Alive,4,Young,4.5,631.01,0.03,0.11,0.05,900.00,5.32,450.00,"1,355.32",0.0,0.0,17.2,0
2564,KNEMSC,10,1,14.0,21.4,2019,22.6,Understory,6-11,Alive,55,Intermediate,7.5,"7,726.84",0.36,0.2,0.1,"1,500.00",10.01,750.00,"2,260.01",0.1,0.05,26.0,0
2569A,PSYD10,11,1,10.8,47.3,2019,12.0,Understory,1-5,Alive,7,Young,0.5,70.11,0.0,0.11,0.05,100.00,5.32,50.00,155.32,0.0,0.0,17.2,24
2569C,NEOSKI,11,1,13.4,47.8,2019,11.9,Understory,1-5,Alive,4,Young,6.5,888.60,0.04,0.11,0.05,"1,300.00",5.27,650.00,"1,955.27",0.4,0.2,17.1,0
2570,DACRR1,11,1,9.1,47.1,2019,22.7,Understory,6-11,Alive,53,Intermediate,22.0,"22,994.44",1.08,0.2,0.1,"4,400.00",10.06,"2,200.00","6,610.06",0.3,0.15,26.0,0
2570C,PTEIEC,11,1,2.5,46.2,2019,13.1,Understory,1-5,Alive,7,Young,0.5,91.64,0.0,0.12,0.06,100.00,5.8,50.00,155.80,0.6,0.3,18.3,0
2572E,EUGEPU,11,1,3.8,44.4,2019,11.0,Understory,1-5,Alive,4,Young,2.0,215.61,0.01,0.1,0.05,400.00,4.87,200.00,604.87,0.8,0.4,16.2,0
2575B,PAYELU,11,1,6.5,56.2,2019,13.5,Understory,1-5,Alive,7,Young,6.0,"1,206.17",0.06,0.12,0.06,"1,200.00",5.98,600.00,"1,805.98",0.6,0.3,18.7,8
2575C,APORAU,11,1,5.4,53.4,2019,12.0,Understory,1-5,Alive,7,Young,2.0,280.45,0.01,0.11,0.05,400.00,5.32,200.00,605.32,0.1,0.05,17.2,6
2576,HERISI,11,1,1.3,57.8,2019,20.7,Understory,6-11,Alive,52,Intermediate,2.0,"1,549.18",0.07,0.18,0.09,400.00,9.17,200.00,609.17,-0.1,-0.05,24.7,0
2578,MALLPE,11,1,12.2,57.8,2019,23.8,Understory,6-11,Alive,53,Intermediate,6.0,"7,321.98",0.34,0.21,0.11,"1,200.00",10.55,600.00,"1,810.55",0.1,0.05,26.7,0
2587,MADHL1,11,1,19.0,55.3,2019,14.2,Understory,6-11,Alive,52,Intermediate,1.5,352.49,0.02,0.13,0.06,300.00,6.29,150.00,456.29,0.7,0.35,19.4,13
2590A,XANTAF,11,1,16.3,49.0,2019,10.7,Understory,1-5,Alive,7,Young,1.0,99.22,0.0,0.09,0.05,200.00,4.74,100.00,304.74,0.1,0.05,15.8,7
2592,KNEMHO,11,1,20.0,45.1,2019,12.8,Understory,1-5,Alive,52,Intermediate,1.0,170.72,0.01,0.11,0.06,200.00,5.67,100.00,305.67,-0.2,-0.1,18.0,7
2595,CANALT,12,1,24.8,42.3,2019,15.2,Understory,6-11,Alive,48,Intermediate,1.0,290.38,0.01,0.13,0.07,200.00,6.74,100.00,306.74,0.1,0.05,20.3,7
2598,LEPISE,12,1,28.2,46.2,2019,21.7,Understory,6-11,Alive,53,Intermediate,5.5,"4,964.02",0.23,0.19,0.1,"1,100.00",9.62,550.00,"1,659.62",0.4,0.2,25.4,0
2604B,PYREAC,12,1,23.5,57.0,2019,17.2,Understory,6-11,Alive,7,Young,0.5,214.14,0.01,0.15,0.08,100.00,7.62,50.00,157.62,0.3,0.15,22.0,0
2612A,DACRR1,12,1,36.2,57.0,2019,10.3,Understory,1-5,Alive,7,Young,22.0,"1,947.90",0.09,0.09,0.05,"4,400.00",4.56,"2,200.00","6,604.56",-0.1,-0.05,15.4,0
2613,SCA1SP,12,1,35.2,48.2,2019,11.4,Understory,1-5,Alive,53,Intermediate,6.0,720.32,0.03,0.1,0.05,"1,200.00",5.05,600.00,"1,805.05",-1.6,-0.8,16.6,0
2614A,MACALO,12,1,35.5,46.4,2019,11.1,Understory,1-5,Alive,4,Young,17.0,"1,883.28",0.09,0.1,0.05,"3,400.00",4.92,"1,700.00","5,104.92",0.1,0.05,16.3,0
2614B,CROTLA,12,1,36.6,47.2,2019,10.6,Understory,1-5,Alive,4,Young,11.0,"1,061.18",0.05,0.09,0.05,"2,200.00",4.7,"1,100.00","3,304.70",-0.4,-0.2,15.7,5
2616,RYPAAC,12,1,32.0,46.7,2019,13.0,Understory,1-5,Alive,52,Intermediate,2.0,358.04,0.02,0.12,0.06,400.00,5.76,200.00,605.76,0.0,0.0,18.2,0
2618A,EUGEO1,12,1,30.8,40.4,2019,10.9,Understory,1-5,Alive,7,Young,1.0,104.89,0.0,0.1,0.05,200.00,4.83,100.00,304.83,0.0,0.0,16.1,0
2632,XANTEU,13,1,46.4,54.9,2019,14.6,Understory,6-11,Alive,55,Intermediate,16.0,"4,098.33",0.19,0.13,0.06,"3,200.00",6.47,"1,600.00","4,806.47",0.0,0.0,19.7,15
2632B,CROTLA,13,1,42.4,53.2,2019,21.1,Understory,6-11,Alive,7,Young,11.0,"9,064.83",0.43,0.19,0.09,"2,200.00",9.35,"1,100.00","3,309.35",0.1,0.05,24.9,5
2634A,TRI3LA,13,1,40.2,59.0,2019,11.4,Understory,1-5,Alive,40,Intermediate,1.0,120.05,0.01,0.1,0.05,200.00,5.05,100.00,305.05,-0.1,-0.05,16.6,0
2635,PTYCCO,13,1,45.4,59.7,2019,12.7,Understory,1-5,Alive,53,Intermediate,7.0,"1,166.68",0.05,0.11,0.06,"1,400.00",5.63,700.00,"2,105.63",0.4,0.2,17.9,0
2636B,DACRR1,13,1,53.8,58.4,2019,17.3,Understory,6-11,Alive,7,Young,22.0,"9,596.90",0.45,0.15,0.08,"4,400.00",7.67,"2,200.00","6,607.67",0.7,0.35,22.1,0
2637,POMEPA,13,1,58.0,40.3,2019,52.8,Canopy,18-23,Alive,67,Mature,3.0,"56,069.64",2.64,0.47,0.23,600.00,23.4,300.00,923.40,0.2,0.1,38.7,0
2643C,EUGERI,14,1,63.0,53.1,2019,14.2,Understory,6-11,Alive,7,Young,4.5,"1,057.48",0.05,0.13,0.06,900.00,6.29,450.00,"1,356.29",0.1,0.05,19.4,0
2645A,DIOSSI,14,1,67.7,51.1,2019,12.4,Understory,1-5,Alive,40,Intermediate,1.5,232.41,0.01,0.11,0.05,300.00,5.49,150.00,455.49,-0.1,-0.05,17.6,0
2648B,LITHCU,14,1,69.2,48.0,2019,14.1,Understory,6-11,Alive,40,Intermediate,5.5,"1,264.50",0.06,0.12,0.06,"1,100.00",6.25,550.00,"1,656.25",0.9,0.45,19.3,0
2648E,MYRIM3,14,1,66.0,59.5,2019,11.4,Understory,1-5,Alive,7,Young,0.5,60.03,0.0,0.1,0.05,100.00,5.05,50.00,155.05,2.8,1.4,16.6,0
2649B,PIMEGR,14,1,72.5,52.0,2019,13.9,Understory,1-5,Alive,7,Young,10.5,"2,309.73",0.11,0.12,0.06,"2,100.00",6.16,"1,050.00","3,156.16",0.2,0.1,19.1,0
2649C,SHORM2,14,1,71.4,52.2,2019,16.5,Understory,6-11,Alive,7,Young,14.0,"5,258.60",0.25,0.15,0.07,"2,800.00",7.31,"1,400.00","4,207.31",1.3,0.65,21.4,0
2652,DIPLMA,14,1,77.6,55.3,2019,17.2,Understory,6-11,Alive,53,Intermediate,5.5,"2,355.58",0.11,0.15,0.08,"1,100.00",7.62,550.00,"1,657.62",0.3,0.15,22.0,0
2657A,PORTAN,14,1,75.8,44.5,2019,15.0,Understory,6-11,Alive,7,Young,11.5,"3,204.17",0.15,0.13,0.07,"2,300.00",6.65,"1,150.00","3,456.65",0.3,0.15,20.1,0
2657B,NOTHUM,14,1,72.5,45.0,2019,12.8,Understory,1-5,Alive,7,Young,0.5,85.36,0.0,0.11,0.06,100.00,5.67,50.00,155.67,0.3,0.15,18.0,7
2657C,STYRBE,14,1,75.2,40.5,2019,19.0,Understory,6-11,Alive,7,Young,0.5,293.98,0.01,0.17,0.08,100.00,8.42,50.00,158.42,-0.6,-0.3,23.4,0
2662A,MESUFE,15,1,85.0,45.7,2019,14.9,Understory,6-11,Alive,35,Intermediate,7.5,"2,046.58",0.1,0.13,0.07,"1,500.00",6.6,750.00,"2,256.60",1.1,0.55,20.0,0
2662B,MACATR,15,1,81.2,45.6,2019,12.1,Understory,1-5,Alive,4,Young,0.5,71.90,0.0,0.11,0.05,100.00,5.36,50.00,155.36,0.4,0.2,17.3,0
2666A,ARTOIS,15,1,86.6,49.0,2019,15.9,Understory,6-11,Alive,7,Young,3.5,"1,170.11",0.05,0.14,0.07,700.00,7.05,350.00,"1,057.05",0.2,0.1,20.9,6
2666C,DIOSBU,15,1,91.5,51.1,2019,12.1,Understory,1-5,Alive,7,Young,5.0,719.03,0.03,0.11,0.05,"1,000.00",5.36,500.00,"1,505.36",0.1,0.05,17.3,0
2669A,GARCMA,15,1,84.4,59.2,2019,11.6,Understory,1-5,Alive,7,Young,1.5,189.80,0.01,0.1,0.05,300.00,5.14,150.00,455.14,0.0,0.0,16.8,8
2671,TEIJCO,15,1,89.9,59.5,2019,52.3,Canopy,18-23,Alive,63,Mature,1.5,"27,099.68",1.27,0.46,0.23,300.00,23.17,150.00,473.17,-7.7,-3.85,38.5,0
2674A,AGLASP,15,1,97.2,51.2,2019,10.8,Understory,1-5,Alive,4,Young,1.0,102.03,0.0,0.1,0.05,200.00,4.79,100.00,304.79,0.0,0.0,16.0,40
2676A,NEOSKI,15,1,94.8,57.0,2019,10.8,Understory,1-5,Alive,7,Young,6.5,663.18,0.03,0.1,0.05,"1,300.00",4.79,650.00,"1,954.79",-0.2,-0.1,16.0,0
2677B,TEIJCO,15,1,99.4,41.8,2019,14.0,Understory,6-11,Alive,40,Intermediate,1.5,337.35,0.02,0.12,0.06,300.00,6.2,150.00,456.20,0.0,0.0,19.2,0
2677E,VATIOD,15,1,97.0,44.6,2019,11.7,Understory,1-5,Alive,7,Young,0.5,64.93,0.0,0.1,0.05,100.00,5.18,50.00,155.18,0.0,0.0,16.9,6
2679,SHORM2,15,1,93.0,44.4,2019,16.2,Understory,6-11,Alive,48,Intermediate,14.0,"4,963.47",0.23,0.14,0.07,"2,800.00",7.18,"1,400.00","4,207.18",0.3,0.15,21.2,0
2682,DIPTC1,16,1,85.1,61.6,2019,42.6,Canopy,12-17,Alive,59,Intermediate,13.5,"118,295.67",5.56,0.38,0.19,"2,700.00",18.88,"1,350.00","4,068.88",0.6,0.3,35.5,6
2682A,MEMEO1,16,1,81.0,62.0,2019,15.9,Understory,6-11,Alive,35,Intermediate,0.5,167.16,0.01,0.14,0.07,100.00,7.05,50.00,157.05,1.3,0.65,20.9,0
2683A,MONOMA,16,1,95.6,60.2,2019,14.4,Understory,6-11,Alive,28,Intermediate,15.0,"3,681.11",0.17,0.13,0.06,"3,000.00",6.38,"1,500.00","4,506.38",1.1,0.55,19.6,11
2683B,SANTLA,16,1,93.3,60.2,2019,13.0,Understory,1-5,Alive,7,Young,9.0,"1,611.16",0.08,0.12,0.06,"1,800.00",5.76,900.00,"2,705.76",0.2,0.1,18.2,4
2685,XANTEU,16,1,84.8,69.7,2019,11.9,Understory,1-5,Alive,52,Intermediate,16.0,"2,187.32",0.1,0.11,0.05,"3,200.00",5.27,"1,600.00","4,805.27",0.1,0.05,17.1,15
2688,MESURA,16,1,81.3,73.5,2019,25.5,Understory,6-11,Alive,57,Intermediate,8.0,"12,254.05",0.58,0.23,0.11,"1,600.00",11.3,800.00,"2,411.30",0.0,0.0,27.8,0
2693,DACRLA,16,1,87.7,76.7,2019,14.2,Understory,6-11,Alive,52,Intermediate,2.5,587.49,0.03,0.13,0.06,500.00,6.29,250.00,756.29,0.2,0.1,19.4,0
2696A,DRYPKI,16,1,90.5,72.0,2019,12.6,Understory,1-5,Alive,7,Young,1.5,244.04,0.01,0.11,0.06,300.00,5.58,150.00,455.58,0.3,0.15,17.8,9
2698,BACCSU,16,1,96.2,73.1,2019,18.2,Understory,6-11,Alive,53,Intermediate,0.5,256.24,0.01,0.16,0.08,100.00,8.06,50.00,158.06,-0.3,-0.15,22.8,0
2699,ARCHBU,16,1,93.6,68.3,2019,22.5,Understory,6-11,Alive,52,Intermediate,11.5,"11,677.63",0.55,0.2,0.1,"2,300.00",9.97,"1,150.00","3,459.97",-0.5,-0.25,25.9,0
2700,HERIEL,16,1,98.5,65.2,2019,14.5,Understory,6-11,Alive,52,Intermediate,1.0,250.74,0.01,0.13,0.06,200.00,6.42,100.00,306.42,0.4,0.2,19.7,0
2707,BARRPE,17,1,69.0,65.5,2019,28.6,Understory,6-11,Alive,57,Intermediate,3.5,"7,853.16",0.37,0.25,0.13,700.00,12.67,350.00,"1,062.67",0.0,0.0,29.5,5
2709,DACRLA,17,1,64.3,65.2,2019,11.7,Understory,1-5,Alive,53,Intermediate,2.5,324.65,0.02,0.1,0.05,500.00,5.18,250.00,755.18,-0.1,-0.05,16.9,0
2713,DIOSMA,17,1,64.1,69.1,2019,18.0,Understory,6-11,Alive,54,Intermediate,0.5,247.39,0.01,0.16,0.08,100.00,7.98,50.00,157.98,0.0,0.0,22.6,6
2717A,AGLAGL,17,1,62.4,74.6,2019,10.8,Understory,1-5,Alive,4,Young,0.5,51.01,0.0,0.1,0.05,100.00,4.79,50.00,154.79,0.3,0.15,16.0,0
2719,MILLAT,17,1,62.2,78.4,2019,12.5,Understory,1-5,Alive,48,Intermediate,5.5,873.29,0.04,0.11,0.06,"1,100.00",5.54,550.00,"1,655.54",0.4,0.2,17.7,0
2720A,KNEMLA,17,1,70.6,70.2,2019,12.0,Understory,1-5,Alive,7,Young,4.0,560.90,0.03,0.11,0.05,800.00,5.32,400.00,"1,205.32",0.1,0.05,17.2,0
2728A,NEPHCO,17,1,72.5,67.0,2019,11.7,Understory,1-5,Alive,35,Intermediate,2.5,324.65,0.02,0.1,0.05,500.00,5.18,250.00,755.18,-0.1,-0.05,16.9,0
2729,SHORM1,17,1,74.3,66.9,2019,27.8,Understory,6-11,Alive,53,Intermediate,21.0,"42,855.70",2.01,0.25,0.12,"4,200.00",12.32,"2,100.00","6,312.32",1.0,0.5,29.1,10
2733,DRYPLO,17,1,72.7,60.2,2019,15.1,Understory,6-11,Alive,54,Intermediate,8.5,"2,417.88",0.11,0.13,0.07,"1,700.00",6.69,850.00,"2,556.69",0.5,0.25,20.2,0
2736,XANTRU,18,1,45.9,63.6,2019,24.0,Understory,6-11,Alive,55,Intermediate,4.0,"5,017.31",0.24,0.21,0.11,800.00,10.63,400.00,"1,210.63",0.0,0.0,26.9,6
2736A,MACALO,18,1,45.0,62.3,2019,11.1,Understory,1-5,Alive,7,Young,17.0,"1,883.28",0.09,0.1,0.05,"3,400.00",4.92,"1,700.00","5,104.92",0.0,0.0,16.3,0
2738A,DACRRO,18,1,48.0,64.0,2019,11.6,Understory,1-5,Alive,7,Young,4.5,569.39,0.03,0.1,0.05,900.00,5.14,450.00,"1,355.14",0.0,0.0,16.8,7
2741,BARRPE,18,1,43.1,75.9,2019,17.2,Understory,6-11,Alive,52,Intermediate,3.5,"1,499.01",0.07,0.15,0.08,700.00,7.62,350.00,"1,057.62",0.0,0.0,22.0,5
2742,DIOSBU,18,1,54.0,72.2,2019,15.2,Understory,6-11,Alive,53,Intermediate,5.0,"1,451.88",0.07,0.13,0.07,"1,000.00",6.74,500.00,"1,506.74",0.0,0.0,20.3,0
2742A,POL1RU,18,1,51.8,73.0,2019,10.5,Understory,1-5,Alive,7,Young,1.5,140.66,0.01,0.09,0.05,300.00,4.65,150.00,454.65,0.1,0.05,15.6,0
2747,ANTICO,18,1,57.8,73.4,2019,20.6,Understory,6-11,Alive,48,Intermediate,1.5,"1,143.85",0.05,0.18,0.09,300.00,9.13,150.00,459.13,0.1,0.05,24.6,0
2749A,PAYELU,18,1,54.0,76.0,2019,12.1,Understory,1-5,Alive,7,Young,6.0,862.83,0.04,0.11,0.05,"1,200.00",5.36,600.00,"1,805.36",0.0,0.0,17.3,8
2752A,DIOSAP,18,1,56.2,68.8,2019,13.1,Understory,1-5,Alive,35,Intermediate,3.5,641.46,0.03,0.12,0.06,700.00,5.8,350.00,"1,055.80",-0.8,-0.4,18.3,8
2763,XERONO,19,1,25.6,78.7,2019,25.1,Understory,6-11,Alive,55,Intermediate,10.5,"15,264.84",0.72,0.22,0.11,"2,100.00",11.12,"1,050.00","3,161.12",-0.1,-0.05,27.5,11
2763B,ARTOKE,19,1,26.2,75.4,2019,11.2,Understory,1-5,Alive,7,Young,1.0,113.81,0.01,0.1,0.05,200.00,4.96,100.00,304.96,0.1,0.05,16.4,12
2771A,LITHEW,19,1,33.2,79.4,2019,10.8,Understory,1-5,Alive,4,Young,3.0,306.08,0.01,0.1,0.05,600.00,4.79,300.00,904.79,0.3,0.15,16.0,0
2773,GANUSN,19,1,39.3,74.4,2019,15.0,Understory,6-11,Alive,53,Intermediate,4.0,"1,114.49",0.05,0.13,0.07,800.00,6.65,400.00,"1,206.65",0.0,0.0,20.1,0
2774A,SHORBR,19,1,34.1,69.5,2019,26.8,Understory,6-11,Alive,48,Intermediate,1.5,"2,709.46",0.13,0.24,0.12,300.00,11.88,150.00,461.88,0.9,0.45,28.5,4
2774B,PORTAN,19,1,35.0,69.4,2019,19.8,Understory,6-11,Alive,35,Intermediate,11.5,"7,718.38",0.36,0.18,0.09,"2,300.00",8.77,"1,150.00","3,458.77",0.5,0.25,24.0,0
2775A,XERONO,19,1,36.4,67.2,2019,12.4,Understory,1-5,Alive,7,Young,10.5,"1,626.84",0.08,0.11,0.05,"2,100.00",5.49,"1,050.00","3,155.49",0.3,0.15,17.6,11
2775B,SHORM1,19,1,38.8,67.4,2019,10.9,Understory,1-5,Alive,7,Young,21.0,"2,202.66",0.1,0.1,0.05,"4,200.00",4.83,"2,100.00","6,304.83",0.0,0.0,16.1,10
2777C,SHORP2,19,1,33.5,60.6,2019,10.5,Understory,1-5,Alive,7,Young,11.5,"1,078.40",0.05,0.09,0.05,"2,300.00",4.65,"1,150.00","3,454.65",-1.2,-0.6,15.6,0
2778,MANGQU,20,1,4.5,62.7,2019,11.9,Understory,1-5,Alive,52,Intermediate,7.0,956.95,0.04,0.11,0.05,"1,400.00",5.27,700.00,"2,105.27",-0.1,-0.05,17.1,0
2781,POPOTC,20,1,9.8,64.0,2019,15.4,Understory,6-11,Alive,54,Intermediate,1.5,453.72,0.02,0.14,0.07,300.00,6.82,150.00,456.82,-0.2,-0.1,20.5,0
2787,ARTOSC,20,1,8.6,77.3,2019,32.8,Canopy,12-17,Alive,55,Intermediate,2.5,"8,904.27",0.42,0.29,0.15,500.00,14.53,250.00,764.53,0.2,0.1,31.6,0
2788B,MACACO,20,1,6.1,69.2,2019,16.0,Understory,6-11,Alive,7,Young,1.5,511.44,0.02,0.14,0.07,300.00,7.09,150.00,457.09,2.5,1.25,21.0,0
2795,LANSDO,20,1,17.4,73.7,2019,12.5,Understory,1-5,Alive,52,Intermediate,6.5,"1,032.07",0.05,0.11,0.06,"1,300.00",5.54,650.00,"1,955.54",0.0,0.0,17.7,0
2800B,SCA1SP,20,1,18.8,65.2,2019,10.6,Understory,1-5,Alive,7,Young,6.0,578.82,0.03,0.09,0.05,"1,200.00",4.7,600.00,"1,804.70",-0.2,-0.1,15.7,0
2803A,MESURA,20,1,13.2,61.5,2019,13.6,Understory,1-5,Alive,7,Young,8.0,"1,645.21",0.08,0.12,0.06,"1,600.00",6.03,800.00,"2,406.03",0.6,0.3,18.8,0
2803B,MADHCU,20,1,14.0,62.4,2019,10.6,Understory,1-5,Alive,7,Young,0.5,48.24,0.0,0.09,0.05,100.00,4.7,50.00,154.70,0.1,0.05,15.7,0
2805B,ARCHBU,21,1,5.1,82.0,2019,15.4,Understory,6-11,Alive,7,Young,11.5,"3,478.52",0.16,0.14,0.07,"2,300.00",6.82,"1,150.00","3,456.82",0.7,0.35,20.5,0
2805C,CYNOMA,21,1,5.0,84.2,2019,10.7,Understory,1-5,Alive,7,Young,5.0,496.11,0.02,0.09,0.05,"1,000.00",4.74,500.00,"1,504.74",-6.2,-3.1,15.8,0
2805D,MEMEEX,21,1,0.6,83.5,2019,11.2,Understory,1-5,Alive,7,Young,0.5,56.91,0.0,0.1,0.05,100.00,4.96,50.00,154.96,0.2,0.1,16.4,13
2814C,CRY1GR,21,1,14.0,90.0,2019,11.1,Understory,1-5,Alive,7,Young,3.0,332.34,0.02,0.1,0.05,600.00,4.92,300.00,904.92,0.2,0.1,16.3,5
2815,ARTOSC,21,1,6.1,97.6,2019,18.7,Understory,6-11,Alive,54,Intermediate,2.5,"1,396.96",0.07,0.17,0.08,500.00,8.29,250.00,758.29,0.1,0.05,23.2,0
2818,DACRRO,21,1,1.7,96.3,2019,16.4,Understory,6-11,Alive,52,Intermediate,4.5,"1,658.21",0.08,0.15,0.07,900.00,7.27,450.00,"1,357.27",0.0,0.0,21.3,7
2819,SANTLA,21,1,11.9,98.2,2019,19.3,Understory,6-11,Alive,48,Intermediate,9.0,"5,564.11",0.26,0.17,0.09,"1,800.00",8.55,900.00,"2,708.55",0.5,0.25,23.6,4
2822,XANTEU,21,1,18.9,96.4,2019,12.3,Understory,1-5,Alive,53,Intermediate,16.0,"2,418.58",0.11,0.11,0.05,"3,200.00",5.45,"1,600.00","4,805.45",-0.2,-0.1,17.5,15
2825,EUGEGR,21,1,15.7,83.2,2019,24.3,Understory,6-11,Alive,53,Intermediate,5.0,"6,533.05",0.31,0.22,0.11,"1,000.00",10.77,500.00,"1,510.77",0.5,0.25,27.0,6
2827,MONOMA,21,1,19.2,89.7,2019,32.4,Canopy,12-17,Alive,57,Intermediate,15.0,"51,245.99",2.41,0.29,0.14,"3,000.00",14.36,"1,500.00","4,514.36",1.4,0.7,31.4,11
2827B,XANTRU,21,1,19.2,80.4,2019,10.4,Understory,1-5,Alive,7,Young,4.0,364.52,0.02,0.09,0.05,800.00,4.61,400.00,"1,204.61",0.1,0.05,15.5,6
2830A,KNEMSC,22,1,26.0,83.1,2019,11.9,Understory,1-5,Alive,35,Intermediate,7.5,"1,025.30",0.05,0.11,0.05,"1,500.00",5.27,750.00,"2,255.27",-0.1,-0.05,17.1,0
2831,MANGQU,22,1,28.7,86.0,2019,14.8,Understory,6-11,Alive,53,Intermediate,7.0,"1,870.51",0.09,0.13,0.07,"1,400.00",6.56,700.00,"2,106.56",0.0,0.0,19.9,0
2834A,POL1HY,22,1,27.4,90.2,2019,14.4,Understory,6-11,Alive,7,Young,3.0,736.22,0.03,0.13,0.06,600.00,6.38,300.00,906.38,0.8,0.4,19.6,0
2840,BARRPE,22,1,25.0,98.3,2019,24.2,Understory,6-11,Alive,54,Intermediate,3.5,"4,511.53",0.21,0.21,0.11,700.00,10.72,350.00,"1,060.72",0.2,0.1,27.0,5
2844,KNEMSC,22,1,30.9,99.7,2019,17.5,Understory,6-11,Alive,53,Intermediate,7.5,"3,393.08",0.16,0.16,0.08,"1,500.00",7.75,750.00,"2,257.75",0.4,0.2,22.2,0
2848,APORBR,22,1,35.5,90.0,2019,12.4,Understory,1-5,Alive,52,Intermediate,5.0,774.69,0.04,0.11,0.05,"1,000.00",5.49,500.00,"1,505.49",0.0,0.0,17.6,0
2850,BEILM2,22,1,36.9,98.0,2019,13.4,Understory,1-5,Alive,53,Intermediate,1.5,294.72,0.01,0.12,0.06,300.00,5.94,150.00,455.94,0.0,0.0,18.6,7
2856,HOPEME,22,1,33.5,83.6,2019,25.6,Understory,6-11,Alive,52,Intermediate,13.0,"20,172.28",0.95,0.23,0.11,"2,600.00",11.34,"1,300.00","3,911.34",0.7,0.35,27.8,0
2859A,MEL1AN,23,1,44.2,80.6,2019,11.0,Understory,1-5,Alive,35,Intermediate,1.0,107.81,0.01,0.1,0.05,200.00,4.87,100.00,304.87,0.0,0.0,16.2,7
2860A,CROTLA,23,1,41.7,82.5,2019,12.2,Understory,1-5,Alive,7,Young,11.0,"1,621.96",0.08,0.11,0.05,"2,200.00",5.41,"1,100.00","3,305.41",0.4,0.2,17.4,5
2861,EUGEP3,23,1,43.8,86.9,2019,20.2,Understory,6-11,Alive,54,Intermediate,3.0,"2,147.42",0.1,0.18,0.09,600.00,8.95,300.00,908.95,-0.2,-0.1,24.3,8
2867,KNEMMA,23,1,42.3,95.4,2019,11.1,Understory,1-5,Alive,53,Intermediate,5.5,609.30,0.03,0.1,0.05,"1,100.00",4.92,550.00,"1,654.92",-0.2,-0.1,16.3,6
2868,DACRR1,23,1,45.0,99.4,2019,21.1,Understory,6-11,Alive,53,Intermediate,22.0,"18,129.67",0.85,0.19,0.09,"4,400.00",9.35,"2,200.00","6,609.35",1.1,0.55,24.9,0
2870,BACCRE,23,1,49.3,95.0,2019,13.2,Understory,1-5,Alive,53,Intermediate,5.0,938.02,0.04,0.12,0.06,"1,000.00",5.85,500.00,"1,505.85",0.0,0.0,18.4,0
2870A,MIC1CA,23,1,51.4,95.4,2019,10.5,Understory,1-5,Alive,7,Young,0.5,46.89,0.0,0.09,0.05,100.00,4.65,50.00,154.65,0.1,0.05,15.6,12
2871C,MONOMA,23,1,53.5,99.8,2019,11.4,Understory,1-5,Alive,4,Young,15.0,"1,800.79",0.08,0.1,0.05,"3,000.00",5.05,"1,500.00","4,505.05",0.7,0.35,16.6,11
2873A,MEMEMI,23,1,59.9,99.0,2019,11.7,Understory,1-5,Alive,28,Intermediate,3.5,454.51,0.02,0.1,0.05,700.00,5.18,350.00,"1,055.18",-0.1,-0.05,16.9,7
2873B,ATUNPE,23,1,58.6,97.8,2019,10.7,Understory,1-5,Alive,4,Young,0.5,49.61,0.0,0.09,0.05,100.00,4.74,50.00,154.74,0.3,0.15,15.8,6
2874,MEL1FU,23,1,59.4,88.0,2019,18.6,Understory,6-11,Alive,54,Intermediate,4.5,"2,471.81",0.12,0.16,0.08,900.00,8.24,450.00,"1,358.24",0.4,0.2,23.1,0
2875B,PIMEGR,23,1,47.2,86.0,2019,19.7,Understory,6-11,Alive,35,Intermediate,10.5,"6,933.41",0.33,0.17,0.09,"2,100.00",8.73,"1,050.00","3,158.73",0.1,0.05,23.9,0
2881A,EUGEDU,23,1,50.7,82.9,2019,16.4,Understory,6-11,Alive,48,Intermediate,1.0,368.49,0.02,0.15,0.07,200.00,7.27,100.00,307.27,0.3,0.15,21.3,6
2881B,PORTAN,23,1,52.2,81.2,2019,11.6,Understory,1-5,Alive,35,Intermediate,11.5,"1,455.11",0.07,0.1,0.05,"2,300.00",5.14,"1,150.00","3,455.14",-0.2,-0.1,16.8,0
2882A,PAYELU,23,1,54.2,84.1,2019,14.4,Understory,6-11,Alive,40,Intermediate,6.0,"1,472.44",0.07,0.13,0.06,"1,200.00",6.38,600.00,"1,806.38",0.0,0.0,19.6,8
2886,PAYELU,23,1,55.6,86.2,2019,20.8,Understory,6-11,Alive,48,Intermediate,6.0,"4,720.53",0.22,0.18,0.09,"1,200.00",9.22,600.00,"1,809.22",0.6,0.3,24.7,8
2886A,KNEMSC,23,1,48.4,88.0,2019,11.6,Understory,1-5,Alive,7,Young,7.5,948.98,0.04,0.1,0.05,"1,500.00",5.14,750.00,"2,255.14",0.2,0.1,16.8,0
2892,DACRR1,24,1,65.7,91.4,2019,20.9,Understory,6-11,Alive,55,Intermediate,22.0,"17,579.22",0.83,0.19,0.09,"4,400.00",9.26,"2,200.00","6,609.26",0.2,0.1,24.8,0
2894,DACRR1,24,1,64.4,93.4,2019,20.3,Understory,6-11,Alive,52,Intermediate,22.0,"16,000.52",0.75,0.18,0.09,"4,400.00",8.99,"2,200.00","6,608.99",0.1,0.05,24.4,0
2904,KNEMMA,24,1,78.7,98.2,2019,18.7,Understory,6-11,Alive,53,Intermediate,5.5,"3,073.30",0.14,0.17,0.08,"1,100.00",8.29,550.00,"1,658.29",0.5,0.25,23.2,6
2906,SHORM1,24,1,75.9,83.2,2019,14.7,Understory,6-11,Alive,52,Intermediate,21.0,"5,494.41",0.26,0.13,0.07,"4,200.00",6.51,"2,100.00","6,306.51",0.2,0.1,19.8,10
2906A,LITSFI,24,1,78.3,83.0,2019,12.0,Understory,1-5,Alive,7,Young,0.5,70.11,0.0,0.11,0.05,100.00,5.32,50.00,155.32,-2.4,-1.2,17.2,0
2907,NAUCOF,24,1,73.8,81.0,2019,12.3,Understory,1-5,Alive,52,Intermediate,2.5,377.90,0.02,0.11,0.05,500.00,5.45,250.00,755.45,0.2,0.1,17.5,0
2909,TIMOWA,24,1,67.6,81.4,2019,13.9,Understory,1-5,Alive,48,Intermediate,1.5,329.96,0.02,0.12,0.06,300.00,6.16,150.00,456.16,-0.2,-0.1,19.1,0
2989,DIOSSI,24,1,72.4,99.6,2019,13.3,Understory,1-5,Alive,52,Intermediate,1.5,288.01,0.01,0.12,0.06,300.00,5.89,150.00,455.89,-1.2,-0.6,18.5,0
2910A,APORBR,25,1,82.0,81.6,2019,13.5,Understory,1-5,Alive,35,Intermediate,5.0,"1,005.14",0.05,0.12,0.06,"1,000.00",5.98,500.00,"1,505.98",0.3,0.15,18.7,0
2911,CASTME,25,1,86.4,82.6,2019,34.5,Canopy,12-17,Alive,52,Intermediate,2.5,"10,576.50",0.5,0.31,0.15,500.00,15.29,250.00,765.29,1.3,0.65,32.4,0
2911B,APORAU,25,1,87.4,84.0,2019,12.4,Understory,1-5,Alive,4,Young,2.0,309.88,0.01,0.11,0.05,400.00,5.49,200.00,605.49,0.3,0.15,17.6,6
2912,ALANRI,25,1,90.8,80.7,2019,11.5,Understory,1-5,Alive,52,Intermediate,8.0,986.09,0.05,0.1,0.05,"1,600.00",5.1,800.00,"2,405.10",0.1,0.05,16.7,9
2912A,DACRR1,25,1,89.8,81.6,2019,12.7,Understory,1-5,Alive,7,Young,22.0,"3,666.71",0.17,0.11,0.06,"4,400.00",5.63,"2,200.00","6,605.63",0.7,0.35,17.9,0
2913,STERPA,25,1,91.6,84.9,2019,22.8,Understory,6-11,Alive,54,Intermediate,1.0,"1,060.31",0.05,0.2,0.1,200.00,10.1,100.00,310.10,0.7,0.35,26.1,0
2914B,ARTOKE,25,1,94.0,83.2,2019,12.0,Understory,1-5,Alive,7,Young,1.0,140.22,0.01,0.11,0.05,200.00,5.32,100.00,305.32,0.0,0.0,17.2,12
2914C,APORBR,25,1,96.0,83.5,2019,10.4,Understory,1-5,Alive,7,Young,5.0,455.65,0.02,0.09,0.05,"1,000.00",4.61,500.00,"1,504.61",0.2,0.1,15.5,0
2915,DIPLMA,25,1,94.3,86.8,2019,16.0,Understory,6-11,Alive,48,Intermediate,5.5,"1,875.29",0.09,0.14,0.07,"1,100.00",7.09,550.00,"1,657.09",0.2,0.1,21.0,0
2919,POL1RU,25,1,82.6,89.8,2019,19.3,Understory,6-11,Alive,53,Intermediate,1.5,927.35,0.04,0.17,0.09,300.00,8.55,150.00,458.55,0.4,0.2,23.6,0
2920A,DIPTC1,25,1,85.3,88.2,2019,9.7,Treelet,1-5,Alive,48,Intermediate,13.5,"1,000.04",0.05,0.09,0.04,"2,700.00",4.3,"1,350.00","4,054.30",-1.7,-0.85,14.7,6
2921A,ELLATA,25,1,80.4,93.4,2019,11.0,Understory,1-5,Alive,35,Intermediate,0.5,53.90,0.0,0.1,0.05,100.00,4.87,50.00,154.87,0.2,0.1,16.2,14
2931,DYERCO,25,1,93.5,95.4,2019,41.4,Canopy,12-17,Alive,63,Mature,1.0,"7,932.04",0.37,0.37,0.18,200.00,18.34,100.00,318.34,-0.3,-0.15,35.1,0
2933A,SHORM1,25,1,92.0,93.3,2019,12.5,Understory,1-5,Alive,35,Intermediate,21.0,"3,334.39",0.16,0.11,0.06,"4,200.00",5.54,"2,100.00","6,305.54",0.3,0.15,17.7,10
2935B,DIOSBU,25,1,97.3,95.5,2019,13.4,Understory,1-5,Alive,7,Young,5.0,982.40,0.05,0.12,0.06,"1,000.00",5.94,500.00,"1,505.94",0.8,0.4,18.6,0
2935C,XERONO,25,1,99.8,93.0,2019,11.3,Understory,1-5,Alive,7,Young,10.5,"1,227.49",0.06,0.1,0.05,"2,100.00",5.01,"1,050.00","3,155.01",-1.6,-0.8,16.5,11
2935D,ARCHBU,25,1,96.4,94.1,2019,12.3,Understory,1-5,Alive,7,Young,11.5,"1,738.35",0.08,0.11,0.05,"2,300.00",5.45,"1,150.00","3,455.45",1.3,0.65,17.5,0
2940A,PORTAN,26,2,80.9,101.3,2019,23.3,Understory,6-11,Alive,35,Intermediate,11.5,"13,090.18",0.62,0.21,0.1,"2,300.00",10.32,"1,150.00","3,460.32",1.4,0.7,26.4,0
2940B,HOPEDR,26,2,83.6,104.4,2019,15.1,Understory,6-11,Alive,7,Young,3.5,995.60,0.05,0.13,0.07,700.00,6.69,350.00,"1,056.69",1.3,0.65,20.2,0
2941A,ARCHBU,26,2,89.0,106.0,2019,17.4,Understory,6-11,Alive,7,Young,11.5,"5,109.03",0.24,0.15,0.08,"2,300.00",7.71,"1,150.00","3,457.71",1.0,0.5,22.2,0
2943,MEMEMI,26,2,88.3,109.5,2019,22.0,Understory,6-11,Alive,52,Intermediate,3.5,"3,303.14",0.16,0.19,0.1,700.00,9.75,350.00,"1,059.75",0.5,0.25,25.6,7
2943B,PTYCCO,26,2,89.4,108.7,2019,10.8,Understory,1-5,Alive,7,Young,7.0,714.19,0.03,0.1,0.05,"1,400.00",4.79,700.00,"2,104.79",0.0,0.0,16.0,0
2949A,ALANEB,26,2,84.5,118.0,2019,14.7,Understory,6-11,Alive,28,Intermediate,4.5,"1,177.37",0.06,0.13,0.07,900.00,6.51,450.00,"1,356.51",0.0,0.0,19.8,5
2950A,OCHAAM,26,2,91.1,118.5,2019,11.7,Understory,1-5,Alive,7,Young,10.0,"1,298.61",0.06,0.1,0.05,"2,000.00",5.18,"1,000.00","3,005.18",0.2,0.1,16.9,0
2952,CHRYLA,26,2,97.4,119.4,2019,36.5,Canopy,12-17,Alive,59,Intermediate,0.5,"2,565.64",0.12,0.32,0.16,100.00,16.17,50.00,166.17,0.8,0.4,33.2,0
2954A,DRYPPE,26,2,98.9,116.9,2019,11.3,Understory,1-5,Alive,40,Intermediate,0.5,58.45,0.0,0.1,0.05,100.00,5.01,50.00,155.01,0.0,0.0,16.5,0
2961A,POL1GL,26,2,95.9,108.8,2019,30.6,Canopy,12-17,Alive,48,Intermediate,0.5,"1,407.92",0.07,0.27,0.14,100.00,13.56,50.00,163.56,2.1,1.05,30.5,0
2962B,MEMEAM,26,2,98.2,101.2,2019,10.7,Understory,1-5,Alive,4,Young,3.0,297.66,0.01,0.09,0.05,600.00,4.74,300.00,904.74,0.2,0.1,15.8,0
2965,ALANRI,27,2,64.2,104.1,2019,13.1,Understory,1-5,Alive,48,Intermediate,8.0,"1,466.20",0.07,0.12,0.06,"1,600.00",5.8,800.00,"2,405.80",0.1,0.05,18.3,9
2965A,DACRR1,27,2,62.2,101.8,2019,10.7,Understory,1-5,Alive,4,Young,22.0,"2,182.87",0.1,0.09,0.05,"4,400.00",4.74,"2,200.00","6,604.74",-0.1,-0.05,15.8,0
2967B,OCHAAM,27,2,79.2,109.4,2019,15.8,Understory,6-11,Alive,35,Intermediate,10.0,"3,277.66",0.15,0.14,0.07,"2,000.00",7.0,"1,000.00","3,007.00",0.6,0.3,20.8,0
2967C,SINDWA,27,2,66.4,107.5,2019,15.2,Understory,6-11,Alive,7,Young,1.5,435.56,0.02,0.13,0.07,300.00,6.74,150.00,456.74,0.3,0.15,20.3,8
2967E,DIOSRU,27,2,70.4,109.0,2019,11.0,Understory,1-5,Alive,7,Young,1.0,107.81,0.01,0.1,0.05,200.00,4.87,100.00,304.87,0.1,0.05,16.2,25
2971A,SYMPAD,27,2,72.0,114.5,2019,17.4,Understory,6-11,Alive,35,Intermediate,0.5,222.13,0.01,0.15,0.08,100.00,7.71,50.00,157.71,0.0,0.0,22.2,0
2978A,SCA2MA,27,2,68.1,117.2,2019,18.3,Understory,6-11,Alive,35,Intermediate,4.0,"2,086.07",0.1,0.16,0.08,800.00,8.11,400.00,"1,208.11",0.5,0.25,22.9,0
2979,APORNI,27,2,74.0,115.5,2019,13.2,Understory,1-5,Alive,52,Intermediate,1.0,187.60,0.01,0.12,0.06,200.00,5.85,100.00,305.85,-0.1,-0.05,18.4,0
2980C,KNEMLA,27,2,72.1,118.4,2019,12.1,Understory,1-5,Alive,7,Young,4.0,575.22,0.03,0.11,0.05,800.00,5.36,400.00,"1,205.36",0.8,0.4,17.3,0
2982B,HOPEME,27,2,78.6,118.0,2019,12.8,Understory,1-5,Alive,7,Young,13.0,"2,219.30",0.1,0.11,0.06,"2,600.00",5.67,"1,300.00","3,905.67",0.1,0.05,18.0,0
2987B,HOPEME,27,2,76.0,103.5,2019,16.6,Understory,6-11,Alive,7,Young,13.0,"4,976.88",0.23,0.15,0.07,"2,600.00",7.36,"1,300.00","3,907.36",0.8,0.4,21.5,0
2987D,GIROPA,27,2,77.0,100.8,2019,13.1,Understory,1-5,Alive,4,Young,2.5,458.19,0.02,0.12,0.06,500.00,5.8,250.00,755.80,0.6,0.3,18.3,6
2993A,CYNOMA,28,2,49.2,103.2,2019,18.3,Understory,6-11,Alive,35,Intermediate,5.0,"2,607.58",0.12,0.16,0.08,"1,000.00",8.11,500.00,"1,508.11",0.7,0.35,22.9,0
2998,XANTEU,28,2,49.9,108.2,2019,15.7,Understory,6-11,Alive,54,Intermediate,16.0,"5,140.92",0.24,0.14,0.07,"3,200.00",6.96,"1,600.00","4,806.96",-0.3,-0.15,20.7,15
2998A,XANTEU,28,2,40.0,100.0,2019,11.2,Understory,1-5,Alive,40,Intermediate,16.0,"1,821.01",0.09,0.1,0.05,"3,200.00",4.96,"1,600.00","4,804.96",-0.2,-0.1,16.4,15
3000,NEPHER,28,2,41.6,108.3,2019,18.5,Understory,6-11,Alive,54,Intermediate,2.5,"1,349.79",0.06,0.16,0.08,500.00,8.2,250.00,758.20,-0.4,-0.2,23.0,0
3000A,CROTLA,28,2,42.2,105.8,2019,16.3,Understory,6-11,Alive,4,Young,11.0,"3,976.10",0.19,0.14,0.07,"2,200.00",7.22,"1,100.00","3,307.22",0.4,0.2,21.2,5
3001A,CASTME,28,2,40.4,118.0,2019,13.5,Understory,1-5,Alive,7,Young,2.5,502.57,0.02,0.12,0.06,500.00,5.98,250.00,755.98,0.6,0.3,18.7,0
3002,SHORM2,28,2,44.3,115.9,2019,14.8,Understory,6-11,Alive,48,Intermediate,14.0,"3,741.01",0.18,0.13,0.07,"2,800.00",6.56,"1,400.00","4,206.56",0.1,0.05,19.9,0
3002B,CALOSO,28,2,47.6,113.1,2019,11.1,Understory,1-5,Alive,7,Young,0.5,55.39,0.0,0.1,0.05,100.00,4.92,50.00,154.92,0.3,0.15,16.3,0
3002C,PIMEGR,28,2,48.4,115.2,2019,14.3,Understory,6-11,Alive,7,Young,10.5,"2,521.69",0.12,0.13,0.06,"2,100.00",6.34,"1,050.00","3,156.34",0.1,0.05,19.5,0
3003D,BACCPY,28,2,54.6,111.5,2019,10.6,Understory,1-5,Alive,7,Young,1.5,144.71,0.01,0.09,0.05,300.00,4.7,150.00,454.70,0.1,0.05,15.7,24
3007,ADENBI,28,2,59.4,116.0,2019,32.8,Canopy,12-17,Alive,53,Intermediate,1.5,"5,342.56",0.25,0.29,0.15,300.00,14.53,150.00,464.53,0.9,0.45,31.6,5
3007D,EUGESC,28,2,57.4,114.6,2019,11.2,Understory,1-5,Alive,7,Young,0.5,56.91,0.0,0.1,0.05,100.00,4.96,50.00,154.96,0.3,0.15,16.4,0
3007E,ALPHMA,28,2,56.4,117.0,2019,10.8,Understory,1-5,Alive,4,Young,5.5,561.15,0.03,0.1,0.05,"1,100.00",4.79,550.00,"1,654.79",0.0,0.0,16.0,0
3016,ARTOLO,29,2,26.8,100.5,2019,28.4,Understory,6-11,Alive,54,Intermediate,2.0,"4,383.36",0.21,0.25,0.13,400.00,12.58,200.00,612.58,-0.6,-0.3,29.4,0
3018,DACRR1,29,2,31.5,101.9,2019,18.5,Understory,6-11,Alive,55,Intermediate,22.0,"11,878.18",0.56,0.16,0.08,"4,400.00",8.2,"2,200.00","6,608.20",0.1,0.05,23.0,0
3023A,SHORM1,29,2,26.4,109.5,2019,21.7,Understory,6-11,Alive,7,Young,21.0,"18,953.53",0.89,0.19,0.1,"4,200.00",9.62,"2,100.00","6,309.62",0.9,0.45,25.4,10
3023B,SHORM2,29,2,27.8,108.2,2019,32.5,Canopy,12-17,Alive,7,Young,14.0,"48,332.33",2.27,0.29,0.14,"2,800.00",14.4,"1,400.00","4,214.40",1.4,0.7,31.5,0
3024,LANSDO,29,2,23.2,108.8,2019,28.8,Understory,6-11,Alive,55,Intermediate,6.5,"14,928.83",0.7,0.26,0.13,"1,300.00",12.76,650.00,"1,962.76",0.2,0.1,29.6,0
3034B,SHORM1,29,2,22.0,119.8,2019,10.8,Understory,1-5,Alive,4,Young,21.0,"2,142.57",0.1,0.1,0.05,"4,200.00",4.79,"2,100.00","6,304.79",0.1,0.05,16.0,10
3041,XANTEU,29,2,35.1,115.3,2019,12.6,Understory,1-5,Alive,53,Intermediate,16.0,"2,603.05",0.12,0.11,0.06,"3,200.00",5.58,"1,600.00","4,805.58",0.1,0.05,17.8,15
3045A,EUGENA,29,2,38.6,113.0,2019,15.5,Understory,6-11,Alive,7,Young,1.5,463.00,0.02,0.14,0.07,300.00,6.87,150.00,456.87,0.8,0.4,20.6,0
3047A,HOPEME,29,2,39.4,108.5,2019,11.8,Understory,1-5,Alive,7,Young,13.0,"1,732.29",0.08,0.1,0.05,"2,600.00",5.23,"1,300.00","3,905.23",0.2,0.1,17.0,0
3050,LANSDO,29,2,38.0,105.8,2019,17.1,Understory,6-11,Alive,54,Intermediate,6.5,"2,732.96",0.13,0.15,0.08,"1,300.00",7.58,650.00,"1,957.58",0.0,0.0,21.9,0
3052A,MONOMA,30,2,4.7,104.6,2019,15.3,Understory,6-11,Alive,7,Young,15.0,"4,445.76",0.21,0.14,0.07,"3,000.00",6.78,"1,500.00","4,506.78",0.8,0.4,20.4,11
3052B,MACALO,30,2,8.7,102.6,2019,10.8,Understory,1-5,Alive,4,Young,17.0,"1,734.46",0.08,0.1,0.05,"3,400.00",4.79,"1,700.00","5,104.79",0.3,0.15,16.0,0
3060A,OCHAAM,30,2,3.3,115.0,2019,17.0,Understory,6-11,Alive,22,Intermediate,10.0,"4,127.29",0.19,0.15,0.08,"2,000.00",7.53,"1,000.00","3,007.53",0.1,0.05,21.8,0
3067B,BOUEOP,30,2,16.8,114.3,2019,15.7,Understory,6-11,Alive,7,Young,1.0,321.31,0.02,0.14,0.07,200.00,6.96,100.00,306.96,0.7,0.35,20.7,0
3068A,MACALO,30,2,13.5,105.5,2019,11.1,Understory,1-5,Alive,7,Young,17.0,"1,883.28",0.09,0.1,0.05,"3,400.00",4.92,"1,700.00","5,104.92",0.2,0.1,16.3,0
3068B,KNEMLA,30,2,14.2,106.4,2019,10.2,Understory,1-5,Alive,7,Young,4.0,344.01,0.02,0.09,0.05,800.00,4.52,400.00,"1,204.52",0.1,0.05,15.3,0
3071A,MEMEPU,31,2,4.8,124.8,2019,12.4,Understory,1-5,Alive,35,Intermediate,0.5,77.47,0.0,0.11,0.05,100.00,5.49,50.00,155.49,0.1,0.05,17.6,0
3072,GONOGR,31,2,8.1,122.3,2019,11.1,Understory,1-5,Alive,52,Intermediate,1.0,110.78,0.01,0.1,0.05,200.00,4.92,100.00,304.92,0.1,0.05,16.3,0
3072C,PORTAN,31,2,7.2,124.3,2019,14.0,Understory,6-11,Alive,7,Young,11.5,"2,586.38",0.12,0.12,0.06,"2,300.00",6.2,"1,150.00","3,456.20",0.2,0.1,19.2,0
3074A,SHORP2,31,2,9.2,128.9,2019,16.4,Understory,6-11,Alive,40,Intermediate,11.5,"4,237.64",0.2,0.15,0.07,"2,300.00",7.27,"1,150.00","3,457.27",0.2,0.1,21.3,0
3074C,MANGQU,31,2,13.8,129.8,2019,12.5,Understory,1-5,Alive,4,Young,7.0,"1,111.46",0.05,0.11,0.06,"1,400.00",5.54,700.00,"2,105.54",0.5,0.25,17.7,0
3077,EUGEC1,31,2,5.7,131.1,2019,14.1,Understory,6-11,Alive,52,Intermediate,8.0,"1,839.27",0.09,0.12,0.06,"1,600.00",6.25,800.00,"2,406.25",-0.8,-0.4,19.3,0
3077B,CROTLA,31,2,8.0,131.0,2019,16.8,Understory,6-11,Alive,4,Young,11.0,"4,373.39",0.21,0.15,0.07,"2,200.00",7.44,"1,100.00","3,307.44",0.5,0.25,21.7,5
3079B,CASTME,31,2,3.3,138.0,2019,14.2,Understory,6-11,Alive,7,Young,2.5,587.49,0.03,0.13,0.06,500.00,6.29,250.00,756.29,0.0,0.0,19.4,0
3079C,SHORP1,31,2,0.4,138.2,2019,11.6,Understory,1-5,Alive,7,Young,12.0,"1,518.37",0.07,0.1,0.05,"2,400.00",5.14,"1,200.00","3,605.14",0.3,0.15,16.8,0
3080B,MEMEMI,31,2,11.5,138.2,2019,10.8,Understory,1-5,Alive,4,Young,3.5,357.10,0.02,0.1,0.05,700.00,4.79,350.00,"1,054.79",0.0,0.0,16.0,7
3080D,KIBAMA,31,2,15.4,137.2,2019,14.5,Understory,6-11,Alive,4,Young,0.5,125.37,0.01,0.13,0.06,100.00,6.42,50.00,156.42,3.2,1.6,19.7,0
3087A,SHORMA,31,2,18.5,129.2,2019,15.9,Understory,6-11,Alive,4,Young,0.5,167.16,0.01,0.14,0.07,100.00,7.05,50.00,157.05,1.2,0.6,20.9,0
3088A,HOPEME,31,2,18.0,122.0,2019,16.9,Understory,6-11,Alive,7,Young,13.0,"5,266.35",0.25,0.15,0.07,"2,600.00",7.49,"1,300.00","3,907.49",0.1,0.05,21.7,0
3088B,TRI3MA,31,2,17.7,121.2,2019,12.1,Understory,1-5,Alive,7,Young,1.0,143.81,0.01,0.11,0.05,200.00,5.36,100.00,305.36,0.5,0.25,17.3,6
3094B,SHORM1,32,2,30.8,130.4,2019,13.8,Understory,1-5,Alive,7,Young,21.0,"4,517.58",0.21,0.12,0.06,"4,200.00",6.11,"2,100.00","6,306.11",0.8,0.4,19.0,10
3094C,SHORM1,32,2,33.2,126.6,2019,13.0,Understory,1-5,Alive,7,Young,21.0,"3,759.38",0.18,0.12,0.06,"4,200.00",5.76,"2,100.00","6,305.76",0.7,0.35,18.2,10
3094D,SHORP2,32,2,30.2,129.4,2019,14.9,Understory,6-11,Alive,7,Young,11.5,"3,138.08",0.15,0.13,0.07,"2,300.00",6.6,"1,150.00","3,456.60",1.1,0.55,20.0,0
3098B,XANTGR,32,2,28.2,132.8,2019,13.6,Understory,1-5,Alive,7,Young,4.0,822.60,0.04,0.12,0.06,800.00,6.03,400.00,"1,206.03",0.2,0.1,18.8,5
3104A,SHORP2,32,2,32.0,133.5,2019,10.6,Understory,1-5,Alive,7,Young,11.5,"1,109.41",0.05,0.09,0.05,"2,300.00",4.7,"1,150.00","3,454.70",-3.3,-1.65,15.7,0
3108A,SHORM1,32,2,39.6,138.0,2019,12.4,Understory,1-5,Alive,4,Young,21.0,"3,253.69",0.15,0.11,0.05,"4,200.00",5.49,"2,100.00","6,305.49",1.6,0.8,17.6,10
3109,PTYCCO,32,2,34.1,131.7,2019,14.0,Understory,6-11,Alive,53,Intermediate,7.0,"1,574.32",0.07,0.12,0.06,"1,400.00",6.2,700.00,"2,106.20",0.0,0.0,19.2,0
3113B,MACALO,32,2,35.8,123.4,2019,11.4,Understory,1-5,Alive,7,Young,17.0,"2,040.90",0.1,0.1,0.05,"3,400.00",5.05,"1,700.00","5,105.05",0.1,0.05,16.6,0
3114A,SHORM1,32,2,32.6,120.8,2019,18.2,Understory,6-11,Alive,7,Young,21.0,"10,762.26",0.51,0.16,0.08,"4,200.00",8.06,"2,100.00","6,308.06",1.6,0.8,22.8,10
3116A,EUGECL,32,2,39.1,123.2,2019,11.9,Understory,1-5,Alive,35,Intermediate,4.0,546.83,0.03,0.11,0.05,800.00,5.27,400.00,"1,205.27",0.1,0.05,17.1,0
3120,MILLAT,33,2,47.8,123.6,2019,19.7,Understory,6-11,Alive,53,Intermediate,5.5,"3,631.79",0.17,0.17,0.09,"1,100.00",8.73,550.00,"1,658.73",0.4,0.2,23.9,0
3121,DACRR1,33,2,50.0,121.2,2019,13.7,Understory,1-5,Alive,52,Intermediate,22.0,"4,627.67",0.22,0.12,0.06,"4,400.00",6.07,"2,200.00","6,606.07",-0.1,-0.05,18.9,0
3122,DACRR1,33,2,46.0,126.2,2019,14.2,Understory,6-11,Alive,53,Intermediate,22.0,"5,169.89",0.24,0.13,0.06,"4,400.00",6.29,"2,200.00","6,606.29",0.0,0.0,19.4,0
3124A,SHORAC,33,2,43.5,128.0,2019,15.9,Understory,6-11,Alive,7,Young,8.5,"2,841.69",0.13,0.14,0.07,"1,700.00",7.05,850.00,"2,557.05",0.1,0.05,20.9,0
3126A,MEMEAM,33,2,43.0,130.4,2019,14.0,Understory,6-11,Alive,7,Young,3.0,674.71,0.03,0.12,0.06,600.00,6.2,300.00,906.20,0.7,0.35,19.2,0
3126C,MESUFE,33,2,45.0,131.0,2019,12.0,Understory,1-5,Alive,7,Young,7.5,"1,051.68",0.05,0.11,0.05,"1,500.00",5.32,750.00,"2,255.32",0.5,0.25,17.2,0
3130B,SHOROV,33,2,47.0,136.6,2019,15.7,Understory,6-11,Alive,7,Young,2.0,642.62,0.03,0.14,0.07,400.00,6.96,200.00,606.96,0.8,0.4,20.7,0
3132,ANI1LA,33,2,54.7,137.6,2019,23.7,Understory,6-11,Alive,54,Intermediate,5.5,"6,619.72",0.31,0.21,0.11,"1,100.00",10.5,550.00,"1,660.50",0.7,0.35,26.7,0
3132A,CRY1CA,33,2,57.4,139.6,2019,20.1,Understory,6-11,Alive,7,Young,0.5,352.23,0.02,0.18,0.09,100.00,8.91,50.00,158.91,0.8,0.4,24.2,9
3134A,SHORM1,33,2,50.8,130.2,2019,13.8,Understory,1-5,Alive,4,Young,21.0,"4,517.58",0.21,0.12,0.06,"4,200.00",6.11,"2,100.00","6,306.11",0.6,0.3,19.0,10
3139,ALANRI,33,2,54.3,128.6,2019,30.2,Canopy,12-17,Alive,57,Intermediate,8.0,"21,549.78",1.01,0.27,0.13,"1,600.00",13.38,800.00,"2,413.38",0.2,0.1,30.3,9
3260,PAYELU,33,2,40.0,139.6,2019,17.7,Understory,6-11,Alive,52,Intermediate,6.0,"2,814.16",0.13,0.16,0.08,"1,200.00",7.84,600.00,"1,807.84",-0.1,-0.05,22.4,8
3145A,CALODE,34,2,62.2,123.8,2019,12.3,Understory,1-5,Alive,7,Young,0.5,75.58,0.0,0.11,0.05,100.00,5.45,50.00,155.45,1.4,0.7,17.5,5
3145B,SCHOAC,34,2,62.0,125.6,2019,19.3,Understory,6-11,Alive,7,Young,2.0,"1,236.47",0.06,0.17,0.09,400.00,8.55,200.00,608.55,0.3,0.15,23.6,0
3150B,SANDKO,34,2,64.9,128.8,2019,13.5,Understory,1-5,Alive,7,Young,4.0,804.11,0.04,0.12,0.06,800.00,5.98,400.00,"1,205.98",0.3,0.15,18.7,2
3152A,SANTTO,34,2,62.4,139.8,2019,21.5,Understory,6-11,Alive,30,Intermediate,4.5,"3,941.17",0.19,0.19,0.1,900.00,9.53,450.00,"1,359.53",1.0,0.5,25.2,0
3158A,XERONO,34,2,79.5,133.2,2019,15.7,Understory,6-11,Alive,7,Young,10.5,"3,373.73",0.16,0.14,0.07,"2,100.00",6.96,"1,050.00","3,156.96",0.5,0.25,20.7,11
3159,DIPTC1,34,2,77.2,132.3,2019,14.9,Understory,6-11,Alive,52,Intermediate,13.5,"3,683.84",0.17,0.13,0.07,"2,700.00",6.6,"1,350.00","4,056.60",0.3,0.15,20.0,6
3159A,SHORM1,34,2,76.0,131.2,2019,12.2,Understory,1-5,Alive,7,Young,21.0,"3,096.47",0.15,0.11,0.05,"4,200.00",5.41,"2,100.00","6,305.41",1.0,0.5,17.4,10
3161A,GIROSU,34,2,72.8,129.0,2019,14.5,Understory,6-11,Alive,35,Intermediate,0.5,125.37,0.01,0.13,0.06,100.00,6.42,50.00,156.42,0.0,0.0,19.7,0
3164A,DRYPLO,34,2,70.6,127.8,2019,11.5,Understory,1-5,Alive,7,Young,8.5,"1,047.73",0.05,0.1,0.05,"1,700.00",5.1,850.00,"2,555.10",0.3,0.15,16.7,0
3164B,LANSDO,34,2,70.6,126.5,2019,12.4,Understory,1-5,Alive,7,Young,6.5,"1,007.09",0.05,0.11,0.05,"1,300.00",5.49,650.00,"1,955.49",-0.5,-0.25,17.6,0
3165,XERONO,34,2,72.8,124.8,2019,21.7,Understory,6-11,Alive,53,Intermediate,10.5,"9,476.76",0.45,0.19,0.1,"2,100.00",9.62,"1,050.00","3,159.62",0.2,0.1,25.4,11
3169A,POL1SU,34,2,77.8,121.8,2019,14.5,Understory,6-11,Alive,7,Young,3.0,752.21,0.04,0.13,0.06,600.00,6.42,300.00,906.42,0.1,0.05,19.7,0
3180A,BARRPE,35,2,83.7,127.4,2019,11.7,Understory,1-5,Alive,7,Young,3.5,454.51,0.02,0.1,0.05,700.00,5.18,350.00,"1,055.18",0.4,0.2,16.9,5
3182B,XANTEU,35,2,82.0,139.6,2019,11.6,Understory,1-5,Alive,35,Intermediate,16.0,"2,024.50",0.1,0.1,0.05,"3,200.00",5.14,"1,600.00","4,805.14",0.0,0.0,16.8,15
3182D,NEOBHE,35,2,84.4,130.2,2019,12.8,Understory,1-5,Alive,7,Young,5.0,853.58,0.04,0.11,0.06,"1,000.00",5.67,500.00,"1,505.67",0.1,0.05,18.0,0
3184,BRACHO,35,2,88.8,134.8,2019,32.1,Canopy,12-17,Alive,55,Intermediate,0.5,"1,655.16",0.08,0.28,0.14,100.00,14.22,50.00,164.22,-2.3,-1.15,31.3,0
3184B,CYATRA,35,2,90.0,133.0,2019,11.2,Understory,1-5,Alive,7,Young,3.5,398.35,0.02,0.1,0.05,700.00,4.96,350.00,"1,054.96",0.2,0.1,16.4,0
3184D,DIOSBU,35,2,89.7,139.6,2019,11.7,Understory,1-5,Alive,7,Young,5.0,649.31,0.03,0.1,0.05,"1,000.00",5.18,500.00,"1,505.18",0.1,0.05,16.9,0
3188C,DACRR1,35,2,93.0,138.6,2019,14.6,Understory,6-11,Alive,7,Young,22.0,"5,635.20",0.26,0.13,0.06,"4,400.00",6.47,"2,200.00","6,606.47",0.4,0.2,19.7,0
3189,PAROVA,35,2,97.5,134.1,2019,25.5,Understory,6-11,Alive,53,Intermediate,3.5,"5,361.15",0.25,0.23,0.11,700.00,11.3,350.00,"1,061.30",0.4,0.2,27.8,6
3193,SANDKO,35,2,93.2,130.5,2019,19.0,Understory,6-11,Alive,53,Intermediate,4.0,"2,351.86",0.11,0.17,0.08,800.00,8.42,400.00,"1,208.42",0.1,0.05,23.4,2
3194,CYNOMA,35,2,97.1,126.5,2019,24.4,Understory,6-11,Alive,53,Intermediate,5.0,"6,621.93",0.31,0.22,0.11,"1,000.00",10.81,500.00,"1,510.81",0.6,0.3,27.1,0
3197B,XERONO,35,2,93.7,123.0,2019,16.4,Understory,6-11,Alive,7,Young,10.5,"3,869.15",0.18,0.15,0.07,"2,100.00",7.27,"1,050.00","3,157.27",0.2,0.1,21.3,11
3202A,LANSDO,36,2,85.4,145.2,2019,19.9,Understory,6-11,Alive,35,Intermediate,6.5,"4,433.84",0.21,0.18,0.09,"1,300.00",8.82,650.00,"1,958.82",1.4,0.7,24.1,0
3211,SARADE,36,2,89.9,157.6,2019,28.7,Understory,6-11,Alive,59,Intermediate,36.5,"82,860.04",3.89,0.25,0.13,"7,300.00",12.72,"3,650.00","10,962.72",-1.0,-0.5,29.6,15
3216,SARADE,36,2,94.4,156.4,2019,32.7,Canopy,12-17,Alive,58,Intermediate,36.5,"128,661.12",6.05,0.29,0.14,"7,300.00",14.49,"3,650.00","10,964.49",0.3,0.15,31.6,15
3217,SARADE,36,2,93.3,154.0,2019,28.5,Understory,6-11,Alive,68,Mature,36.5,"80,942.68",3.8,0.25,0.13,"7,300.00",12.63,"3,650.00","10,962.63",0.0,0.0,29.5,15
3224A,SARADE,36,2,98.1,149.2,2019,11.1,Understory,1-5,Alive,7,Young,36.5,"4,043.50",0.19,0.1,0.05,"7,300.00",4.92,"3,650.00","10,954.92",-0.1,-0.05,16.3,15
3226,SARADE,36,2,96.1,146.4,2019,15.7,Understory,6-11,Alive,52,Intermediate,36.5,"11,727.73",0.55,0.14,0.07,"7,300.00",6.96,"3,650.00","10,956.96",-0.3,-0.15,20.7,15
3230,SARADE,36,2,99.5,143.3,2019,22.4,Understory,6-11,Alive,53,Intermediate,36.5,"36,529.27",1.72,0.2,0.1,"7,300.00",9.93,"3,650.00","10,959.93",0.2,0.1,25.8,15
3257A,ARDIPA,36,2,80.4,143.8,2019,15.1,Understory,6-11,Alive,48,Intermediate,0.5,142.23,0.01,0.13,0.07,100.00,6.69,50.00,156.69,0.1,0.05,20.2,0
3233A,XANTST,37,2,67.6,145.2,2019,14.4,Understory,6-11,Alive,35,Intermediate,3.5,858.93,0.04,0.13,0.06,700.00,6.38,350.00,"1,056.38",-9.4,-4.7,19.6,0
3233C,DURIGR,37,2,70.8,146.3,2019,14.8,Understory,6-11,Alive,35,Intermediate,3.5,935.25,0.04,0.13,0.07,700.00,6.56,350.00,"1,056.56",0.6,0.3,19.9,0
3242A,CANAME,37,2,62.8,154.4,2019,12.3,Understory,1-5,Alive,35,Intermediate,0.5,75.58,0.0,0.11,0.05,100.00,5.45,50.00,155.45,-0.1,-0.05,17.5,0
3242C,RYPAKU,37,2,67.6,154.4,2019,15.2,Understory,6-11,Alive,7,Young,11.0,"3,194.14",0.15,0.13,0.07,"2,200.00",6.74,"1,100.00","3,306.74",0.0,0.0,20.3,0
3244,IXONIC,37,2,65.8,158.8,2019,25.6,Understory,6-11,Alive,57,Intermediate,10.5,"16,293.00",0.77,0.23,0.11,"2,100.00",11.34,"1,050.00","3,161.34",-0.6,-0.3,27.8,0
3244A,POMEPA,37,2,63.8,158.4,2019,11.0,Understory,1-5,Alive,35,Intermediate,3.0,323.42,0.02,0.1,0.05,600.00,4.87,300.00,904.87,-0.2,-0.1,16.2,0
3246A,PALAMA,37,2,69.4,155.0,2019,17.4,Understory,6-11,Alive,7,Young,2.0,888.53,0.04,0.15,0.08,400.00,7.71,200.00,607.71,0.2,0.1,22.2,0
3246B,OCHAAM,37,2,68.7,155.8,2019,15.4,Understory,6-11,Alive,7,Young,10.0,"3,024.80",0.14,0.14,0.07,"2,000.00",6.82,"1,000.00","3,006.82",0.2,0.1,20.5,0
3249B,BACCKU,37,2,73.8,148.2,2019,13.0,Understory,1-5,Alive,35,Intermediate,1.0,179.02,0.01,0.12,0.06,200.00,5.76,100.00,305.76,0.0,0.0,18.2,0
3249C,SANTRU,37,2,76.4,146.0,2019,18.8,Understory,6-11,Alive,7,Young,1.0,568.39,0.03,0.17,0.08,200.00,8.33,100.00,308.33,1.2,0.6,23.3,17
3262A,EUGECL,38,2,43.6,144.2,2019,15.1,Understory,6-11,Alive,35,Intermediate,4.0,"1,137.83",0.05,0.13,0.07,800.00,6.69,400.00,"1,206.69",0.9,0.45,20.2,0
3262C,PIMEGR,38,2,40.5,143.0,2019,12.1,Understory,1-5,Alive,7,Young,10.5,"1,509.96",0.07,0.11,0.05,"2,100.00",5.36,"1,050.00","3,155.36",1.4,0.7,17.3,0
3263C,KNEMLA,38,2,45.1,146.8,2019,12.7,Understory,1-5,Alive,7,Young,4.0,666.68,0.03,0.11,0.06,800.00,5.63,400.00,"1,205.63",0.4,0.2,17.9,0
3266B,MESURA,38,2,50.6,148.8,2019,13.0,Understory,1-5,Alive,40,Intermediate,8.0,"1,432.15",0.07,0.12,0.06,"1,600.00",5.76,800.00,"2,405.76",0.2,0.1,18.2,0
3271,GLUTM2,38,2,43.1,153.9,2019,24.4,Understory,6-11,Alive,53,Intermediate,1.0,"1,324.39",0.06,0.22,0.11,200.00,10.81,100.00,310.81,1.2,0.6,27.1,5
3272A,EUGECH,38,2,40.5,154.6,2019,13.6,Understory,1-5,Alive,7,Young,0.5,102.83,0.0,0.12,0.06,100.00,6.03,50.00,156.03,0.4,0.2,18.8,0
3274A,OCHAAM,38,2,49.6,155.0,2019,14.5,Understory,6-11,Alive,7,Young,10.0,"2,507.35",0.12,0.13,0.06,"2,000.00",6.42,"1,000.00","3,006.42",0.6,0.3,19.7,0
3277B,PAYELU,38,2,57.2,148.8,2019,10.8,Understory,1-5,Alive,7,Young,6.0,612.16,0.03,0.1,0.05,"1,200.00",4.79,600.00,"1,804.79",0.1,0.05,16.0,8
3281A,SANTAP,38,2,55.4,142.3,2019,11.2,Understory,1-5,Alive,7,Young,2.0,227.63,0.01,0.1,0.05,400.00,4.96,200.00,604.96,0.4,0.2,16.4,0
3281C,MILLAT,38,2,56.6,142.2,2019,20.9,Understory,6-11,Alive,7,Young,5.5,"4,394.81",0.21,0.19,0.09,"1,100.00",9.26,550.00,"1,659.26",0.9,0.45,24.8,0
3281D,OCHAAM,38,2,57.4,145.4,2019,14.6,Understory,6-11,Alive,7,Young,10.0,"2,561.45",0.12,0.13,0.06,"2,000.00",6.47,"1,000.00","3,006.47",0.1,0.05,19.7,0
3283,CANALR,39,2,26.5,141.3,2019,12.5,Understory,1-5,Alive,53,Intermediate,4.0,635.12,0.03,0.11,0.06,800.00,5.54,400.00,"1,205.54",0.7,0.35,17.7,0
3283A,MILLAT,39,2,27.8,141.4,2019,19.1,Understory,6-11,Alive,35,Intermediate,5.5,"3,288.63",0.15,0.17,0.08,"1,100.00",8.46,550.00,"1,658.46",1.2,0.6,23.5,0
3293A,DIPLMA,39,2,26.6,151.1,2019,13.7,Understory,1-5,Alive,7,Young,5.5,"1,156.92",0.05,0.12,0.06,"1,100.00",6.07,550.00,"1,656.07",1.1,0.55,18.9,0
3294A,SHORM2,39,2,22.1,147.0,2019,13.6,Understory,1-5,Alive,7,Young,14.0,"2,879.11",0.14,0.12,0.06,"2,800.00",6.03,"1,400.00","4,206.03",1.1,0.55,18.8,0
3294C,CROTAR,39,2,25.0,147.5,2019,15.0,Understory,6-11,Alive,7,Young,8.0,"2,228.99",0.1,0.13,0.07,"1,600.00",6.65,800.00,"2,406.65",0.9,0.45,20.1,0
3296A,PORTAN,39,2,22.8,153.5,2019,16.7,Understory,6-11,Alive,7,Young,11.5,"4,486.82",0.21,0.15,0.07,"2,300.00",7.4,"1,150.00","3,457.40",0.4,0.2,21.6,0
3296C,SHORM2,39,2,23.5,154.2,2019,11.1,Understory,1-5,Alive,7,Young,14.0,"1,550.93",0.07,0.1,0.05,"2,800.00",4.92,"1,400.00","4,204.92",-0.1,-0.05,16.3,0
3299A,MONOMA,39,2,24.4,159.7,2019,16.7,Understory,6-11,Alive,7,Young,15.0,"5,852.38",0.28,0.15,0.07,"3,000.00",7.4,"1,500.00","4,507.40",1.1,0.55,21.6,11
3301A,KNEMCO,39,2,33.2,151.7,2019,15.2,Understory,6-11,Alive,7,Young,0.5,145.19,0.01,0.13,0.07,100.00,6.74,50.00,156.74,0.3,0.15,20.3,0
3308A,CROTAR,39,2,39.6,148.0,2019,11.2,Understory,1-5,Alive,4,Young,8.0,910.50,0.04,0.1,0.05,"1,600.00",4.96,800.00,"2,404.96",0.7,0.35,16.4,0
3312B,CASTME,40,2,5.5,142.8,2019,13.1,Understory,1-5,Alive,7,Young,2.5,458.19,0.02,0.12,0.06,500.00,5.8,250.00,755.80,0.0,0.0,18.3,0
3317,RYPAKU,40,2,0.9,152.9,2019,24.6,Understory,6-11,Alive,56,Intermediate,11.0,"14,965.11",0.7,0.22,0.11,"2,200.00",10.9,"1,100.00","3,310.90",0.1,0.05,27.2,0
3317B,MONOMA,40,2,5.0,152.2,2019,10.0,Understory,1-5,Alive,4,Young,15.0,"1,216.23",0.06,0.09,0.04,"3,000.00",4.43,"1,500.00","4,504.43",-0.2,-0.1,15.1,11
3318A,GIRONE,40,2,3.0,155.0,2019,11.9,Understory,1-5,Alive,7,Young,6.0,820.24,0.04,0.11,0.05,"1,200.00",5.27,600.00,"1,805.27",0.7,0.35,17.1,0
3328,IXONIC,40,2,6.9,148.8,2019,30.0,Canopy,12-17,Alive,55,Intermediate,10.5,"27,658.49",1.3,0.27,0.13,"2,100.00",13.29,"1,050.00","3,163.29",0.6,0.3,30.2,0
3328B,CROTAR,40,2,15.4,149.3,2019,14.0,Understory,6-11,Alive,7,Young,8.0,"1,799.22",0.08,0.12,0.06,"1,600.00",6.2,800.00,"2,406.20",1.0,0.5,19.2,0
3335A,CANALR,41,2,8.5,160.7,2019,13.5,Understory,1-5,Alive,7,Young,4.0,804.11,0.04,0.12,0.06,800.00,5.98,400.00,"1,205.98",0.7,0.35,18.7,0
3338,XANTEU,41,2,8.1,170.6,2019,14.4,Understory,6-11,Alive,53,Intermediate,16.0,"3,926.52",0.18,0.13,0.06,"3,200.00",6.38,"1,600.00","4,806.38",1.6,0.8,19.6,15
3341B,MESUFE,41,2,0.7,171.5,2019,13.3,Understory,1-5,Alive,7,Young,7.5,"1,440.04",0.07,0.12,0.06,"1,500.00",5.89,750.00,"2,255.89",1.3,0.65,18.5,0
3341C,EUGEFI,41,2,2.4,170.0,2019,15.5,Understory,6-11,Alive,7,Young,2.5,771.66,0.04,0.14,0.07,500.00,6.87,250.00,756.87,0.1,0.05,20.6,0
3343B,HOPEBR,41,2,6.0,177.6,2019,13.7,Understory,1-5,Alive,7,Young,0.5,105.17,0.0,0.12,0.06,100.00,6.07,50.00,156.07,1.3,0.65,18.9,0
3344A,DACRR1,41,2,11.1,177.4,2019,11.2,Understory,1-5,Alive,7,Young,22.0,"2,503.89",0.12,0.1,0.05,"4,400.00",4.96,"2,200.00","6,604.96",0.3,0.15,16.4,0
3346B,SHORM2,41,2,8.8,167.6,2019,10.9,Understory,1-5,Alive,7,Young,14.0,"1,468.44",0.07,0.1,0.05,"2,800.00",4.83,"1,400.00","4,204.83",0.4,0.2,16.1,0
3347B,HOPEDR,41,2,14.4,168.4,2019,11.1,Understory,1-5,Alive,4,Young,3.5,387.73,0.02,0.1,0.05,700.00,4.92,350.00,"1,054.92",0.3,0.15,16.3,0
3353A,KNEMPA,42,2,28.6,161.4,2019,17.6,Understory,6-11,Alive,35,Intermediate,1.0,460.67,0.02,0.16,0.08,200.00,7.8,100.00,307.80,0.5,0.25,22.3,0
3355,XANTEU,42,2,30.7,161.2,2019,13.8,Understory,1-5,Alive,53,Intermediate,16.0,"3,441.97",0.16,0.12,0.06,"3,200.00",6.11,"1,600.00","4,806.11",0.0,0.0,19.0,15
3359A,SHORP1,42,2,23.0,168.0,2019,21.2,Understory,6-11,Alive,7,Young,12.0,"10,041.56",0.47,0.19,0.09,"2,400.00",9.39,"1,200.00","3,609.39",1.7,0.85,25.0,0
3359B,IXONIC,42,2,21.0,167.2,2019,11.0,Understory,1-5,Alive,4,Young,10.5,"1,131.97",0.05,0.1,0.05,"2,100.00",4.87,"1,050.00","3,154.87",0.6,0.3,16.2,0
3362A,GONYAF,42,2,22.1,173.5,2019,12.5,Understory,1-5,Alive,7,Young,0.5,79.39,0.0,0.11,0.06,100.00,5.54,50.00,155.54,0.1,0.05,17.7,0
3363,SANTLA,42,2,22.2,178.1,2019,12.9,Understory,1-5,Alive,52,Intermediate,9.0,"1,573.49",0.07,0.11,0.06,"1,800.00",5.72,900.00,"2,705.72",-0.1,-0.05,18.1,4
3365A,SCA1SP,42,2,26.0,174.3,2019,10.4,Understory,1-5,Alive,40,Intermediate,6.0,546.79,0.03,0.09,0.05,"1,200.00",4.61,600.00,"1,804.61",-0.2,-0.1,15.5,0
3365B,SINDVE,42,2,29.7,173.3,2019,13.4,Understory,1-5,Alive,7,Young,1.5,294.72,0.01,0.12,0.06,300.00,5.94,150.00,455.94,0.4,0.2,18.6,0
3368,HERIEL,42,2,32.1,171.3,2019,20.0,Understory,6-11,Alive,52,Intermediate,1.0,693.23,0.03,0.18,0.09,200.00,8.86,100.00,308.86,0.2,0.1,24.2,0
3372A,HOPEDR,42,2,38.8,169.5,2019,13.8,Understory,1-5,Alive,7,Young,3.5,752.93,0.04,0.12,0.06,700.00,6.11,350.00,"1,056.11",0.7,0.35,19.0,0
3380B,MYRICI,42,2,36.6,164.5,2019,12.5,Understory,1-5,Alive,4,Young,1.0,158.78,0.01,0.11,0.06,200.00,5.54,100.00,305.54,0.7,0.35,17.7,0
3373,DACRR2,43,2,40.4,170.8,2019,20.1,Understory,6-11,Alive,54,Intermediate,2.0,"1,408.90",0.07,0.18,0.09,400.00,8.91,200.00,608.91,0.8,0.4,24.2,15
3381,DACRLA,43,2,41.0,160.2,2019,21.7,Understory,6-11,Alive,55,Intermediate,2.5,"2,256.37",0.11,0.19,0.1,500.00,9.62,250.00,759.62,0.7,0.35,25.4,0
3381B,HOPEDR,43,2,43.0,160.7,2019,12.5,Understory,1-5,Alive,7,Young,3.5,555.73,0.03,0.11,0.06,700.00,5.54,350.00,"1,055.54",0.6,0.3,17.7,0
3384A,ELATTA,43,2,46.8,160.2,2019,10.0,Understory,1-5,Alive,4,Young,3.5,283.79,0.01,0.09,0.04,700.00,4.43,350.00,"1,054.43",-0.1,-0.05,15.1,9
3385A,SINDVE,43,2,51.8,160.6,2019,11.3,Understory,1-5,Alive,7,Young,1.5,175.36,0.01,0.1,0.05,300.00,5.01,150.00,455.01,0.3,0.15,16.5,0
3389A,DACRR1,43,2,46.4,165.6,2019,14.7,Understory,6-11,Alive,7,Young,22.0,"5,756.05",0.27,0.13,0.07,"4,400.00",6.51,"2,200.00","6,606.51",0.3,0.15,19.8,0
3390,POMEPA,43,2,43.7,168.4,2019,13.9,Understory,1-5,Alive,53,Intermediate,3.0,659.92,0.03,0.12,0.06,600.00,6.16,300.00,906.16,-0.1,-0.05,19.1,0
3399,TRI1HY,43,2,44.5,177.8,2019,28.3,Understory,6-11,Alive,54,Intermediate,0.5,"1,082.99",0.05,0.25,0.13,100.00,12.54,50.00,162.54,0.8,0.4,29.4,0
3402,DIPTC1,43,2,52.9,177.0,2019,10.8,Understory,1-5,Alive,52,Intermediate,13.5,"1,377.37",0.06,0.1,0.05,"2,700.00",4.79,"1,350.00","4,054.79",-0.1,-0.05,16.0,6
3403A,EUGECL,43,2,55.3,179.4,2019,11.9,Understory,1-5,Alive,7,Young,4.0,546.83,0.03,0.11,0.05,800.00,5.27,400.00,"1,205.27",0.4,0.2,17.1,0
3404A,SHORP1,43,2,57.0,175.5,2019,17.5,Understory,6-11,Alive,7,Young,12.0,"5,428.93",0.26,0.16,0.08,"2,400.00",7.75,"1,200.00","3,607.75",0.5,0.25,22.2,0
3406,MONOMA,43,2,53.8,172.5,2019,28.2,Understory,6-11,Alive,52,Intermediate,15.0,"32,107.36",1.51,0.25,0.12,"3,000.00",12.5,"1,500.00","4,512.50",0.2,0.1,29.3,11
3408A,CROTAR,43,2,56.4,170.0,2019,10.2,Understory,1-5,Alive,4,Young,8.0,688.02,0.03,0.09,0.05,"1,600.00",4.52,800.00,"2,404.52",0.1,0.05,15.3,0
3410A,SHORP2,43,2,55.1,167.2,2019,12.5,Understory,1-5,Alive,7,Young,11.5,"1,825.98",0.09,0.11,0.06,"2,300.00",5.54,"1,150.00","3,455.54",0.7,0.35,17.7,0
3412,KIBAAR,43,2,59.9,165.0,2019,12.8,Understory,1-5,Alive,53,Intermediate,2.5,426.79,0.02,0.11,0.06,500.00,5.67,250.00,755.67,0.0,0.0,18.0,0
3412A,APORNI,43,2,57.3,160.0,2019,14.5,Understory,6-11,Alive,35,Intermediate,1.0,250.74,0.01,0.13,0.06,200.00,6.42,100.00,306.42,0.5,0.25,19.7,0
3413,CROTAR,43,2,59.5,162.7,2019,13.7,Understory,1-5,Alive,4,Young,8.0,"1,682.79",0.08,0.12,0.06,"1,600.00",6.07,800.00,"2,406.07",0.3,0.15,18.9,0
3416,XERONO,44,2,70.1,163.1,2019,25.5,Understory,6-11,Alive,53,Intermediate,10.5,"16,083.44",0.76,0.23,0.11,"2,100.00",11.3,"1,050.00","3,161.30",1.0,0.5,27.8,11
3416B,POL1SU,44,2,71.3,163.2,2019,13.9,Understory,1-5,Alive,35,Intermediate,3.0,659.92,0.03,0.12,0.06,600.00,6.16,300.00,906.16,0.1,0.05,19.1,0
3417A,PALAMA,44,2,68.3,170.1,2019,19.9,Understory,6-11,Alive,40,Intermediate,2.0,"1,364.26",0.06,0.18,0.09,400.00,8.82,200.00,608.82,0.1,0.05,24.1,0
3420B,GARCAT,44,2,64.0,172.2,2019,10.2,Understory,1-5,Alive,7,Young,0.5,43.00,0.0,0.09,0.05,100.00,4.52,50.00,154.52,-0.1,-0.05,15.3,0
3430B,DACRR1,44,2,73.3,173.5,2019,12.6,Understory,1-5,Alive,7,Young,22.0,"3,579.19",0.17,0.11,0.06,"4,400.00",5.58,"2,200.00","6,605.58",0.8,0.4,17.8,0
3431,NEOBHE,44,2,75.1,170.2,2019,18.8,Understory,6-11,Alive,53,Intermediate,5.0,"2,841.95",0.13,0.17,0.08,"1,000.00",8.33,500.00,"1,508.33",0.1,0.05,23.3,0
3431A,APORAU,44,2,74.4,170.4,2019,10.7,Understory,1-5,Alive,7,Young,2.0,198.44,0.01,0.09,0.05,400.00,4.74,200.00,604.74,-0.1,-0.05,15.8,6
3432B,PEN1MO,44,2,78.8,169.4,2019,10.9,Understory,1-5,Alive,4,Young,4.0,419.55,0.02,0.1,0.05,800.00,4.83,400.00,"1,204.83",0.6,0.3,16.1,0
3433A,SCA1SP,44,2,70.4,163.2,2019,10.2,Understory,1-5,Alive,4,Young,6.0,516.02,0.02,0.09,0.05,"1,200.00",4.52,600.00,"1,804.52",0.1,0.05,15.3,0
3436B,XERONO,45,2,82.9,168.6,2019,16.3,Understory,6-11,Alive,35,Intermediate,10.5,"3,795.37",0.18,0.14,0.07,"2,100.00",7.22,"1,050.00","3,157.22",0.0,0.0,21.2,11
3438,SARADE,45,2,86.1,179.1,2019,16.0,Understory,6-11,Alive,54,Intermediate,36.5,"12,445.09",0.58,0.14,0.07,"7,300.00",7.09,"3,650.00","10,957.09",-0.1,-0.05,21.0,15
3438A,GIRONE,45,2,82.8,178.7,2019,12.0,Understory,1-5,Alive,4,Young,6.0,841.35,0.04,0.11,0.05,"1,200.00",5.32,600.00,"1,805.32",0.2,0.1,17.2,0
3442,SARADE,45,2,87.5,171.7,2019,17.5,Understory,6-11,Alive,54,Intermediate,36.5,"16,513.00",0.78,0.16,0.08,"7,300.00",7.75,"3,650.00","10,957.75",-2.0,-1.0,22.2,15
3442A,DRYPPO,45,2,85.8,172.0,2019,10.7,Understory,1-5,Alive,7,Young,1.0,99.22,0.0,0.09,0.05,200.00,4.74,100.00,304.74,-0.1,-0.05,15.8,0
3443,SARADE,45,2,88.4,170.2,2019,19.7,Understory,6-11,Alive,54,Intermediate,36.5,"24,101.86",1.13,0.17,0.09,"7,300.00",8.73,"3,650.00","10,958.73",0.9,0.45,23.9,15
3452,SARADE,45,2,93.7,177.7,2019,15.5,Understory,6-11,Alive,40,Intermediate,36.5,"11,266.29",0.53,0.14,0.07,"7,300.00",6.87,"3,650.00","10,956.87",0.1,0.05,20.6,15
3453A,SARADE,45,2,99.2,177.7,2019,12.9,Understory,1-5,Alive,7,Young,36.5,"6,381.36",0.3,0.11,0.06,"7,300.00",5.72,"3,650.00","10,955.72",0.1,0.05,18.1,15
3455,SARADE,45,2,95.8,179.6,2019,26.7,Understory,6-11,Alive,54,Intermediate,36.5,"65,115.92",3.06,0.24,0.12,"7,300.00",11.83,"3,650.00","10,961.83",0.9,0.45,28.5,15
3460A,BACCRA,46,2,82.4,189.5,2019,13.8,Understory,1-5,Alive,7,Young,3.0,645.37,0.03,0.12,0.06,600.00,6.11,300.00,906.11,0.1,0.05,19.0,0
3476,SARADE,46,2,94.5,192.0,2019,16.3,Understory,6-11,Alive,53,Intermediate,36.5,"13,193.42",0.62,0.14,0.07,"7,300.00",7.22,"3,650.00","10,957.22",-0.1,-0.05,21.2,15
3476A,SARADE,46,2,95.2,191.3,2019,11.2,Understory,1-5,Alive,7,Young,36.5,"4,154.18",0.2,0.1,0.05,"7,300.00",4.96,"3,650.00","10,954.96",0.5,0.25,16.4,15
3480A,SARADE,46,2,96.4,199.5,2019,13.8,Understory,1-5,Alive,7,Young,36.5,"7,851.99",0.37,0.12,0.06,"7,300.00",6.11,"3,650.00","10,956.11",0.6,0.3,19.0,15
3482A,SARADE,46,2,89.4,199.6,2019,13.1,Understory,1-5,Alive,7,Young,36.5,"6,689.56",0.31,0.12,0.06,"7,300.00",5.8,"3,650.00","10,955.80",0.6,0.3,18.3,15
3482B,SARADE,46,2,87.8,199.8,2019,10.2,Understory,1-5,Alive,7,Young,36.5,"3,139.11",0.15,0.09,0.05,"7,300.00",4.52,"3,650.00","10,954.52",-0.1,-0.05,15.3,15
3485A,SARADE,46,2,92.1,188.8,2019,16.6,Understory,6-11,Alive,7,Young,36.5,"13,973.54",0.66,0.15,0.07,"7,300.00",7.36,"3,650.00","10,957.36",-0.2,-0.1,21.5,15
3487,SARADE,46,2,91.7,183.9,2019,20.0,Understory,6-11,Alive,60,Mature,36.5,"25,302.73",1.19,0.18,0.09,"7,300.00",8.86,"3,650.00","10,958.86",0.9,0.45,24.2,15
3488A,SARADE,46,2,99.6,184.2,2019,15.1,Understory,6-11,Alive,7,Young,36.5,"10,382.66",0.49,0.13,0.07,"7,300.00",6.69,"3,650.00","10,956.69",0.0,0.0,20.2,15
3489,SARADE,46,2,99.9,183.7,2019,19.7,Understory,6-11,Alive,53,Intermediate,36.5,"24,101.86",1.13,0.17,0.09,"7,300.00",8.73,"3,650.00","10,958.73",1.5,0.75,23.9,15
3491A,SARADE,46,2,98.6,181.0,2019,11.5,Understory,1-5,Alive,7,Young,36.5,"4,499.06",0.21,0.1,0.05,"7,300.00",5.1,"3,650.00","10,955.10",0.1,0.05,16.7,15
3492,SARADE,46,2,99.7,180.6,2019,14.2,Understory,6-11,Alive,53,Intermediate,36.5,"8,577.32",0.4,0.13,0.06,"7,300.00",6.29,"3,650.00","10,956.29",0.1,0.05,19.4,15
3493,SARADE,46,2,94.3,180.5,2019,13.0,Understory,1-5,Alive,53,Intermediate,36.5,"6,534.17",0.31,0.12,0.06,"7,300.00",5.76,"3,650.00","10,955.76",0.0,0.0,18.2,15
3493A,SARADE,46,2,93.0,180.4,2019,15.6,Understory,6-11,Alive,7,Young,36.5,"11,495.35",0.54,0.14,0.07,"7,300.00",6.91,"3,650.00","10,956.91",-0.1,-0.05,20.6,15
3494,SARADE,46,2,92.4,181.9,2019,15.2,Understory,6-11,Alive,48,Intermediate,36.5,"10,598.73",0.5,0.13,0.07,"7,300.00",6.74,"3,650.00","10,956.74",0.1,0.05,20.3,15
3497B,ALPHEL,47,2,63.8,184.6,2019,11.3,Understory,1-5,Alive,7,Young,3.5,409.16,0.02,0.1,0.05,700.00,5.01,350.00,"1,055.01",0.1,0.05,16.5,0
3497C,EUGE10,47,2,62.7,186.4,2019,19.9,Understory,6-11,Alive,7,Young,0.5,341.06,0.02,0.18,0.09,100.00,8.82,50.00,158.82,0.3,0.15,24.1,7
3504C,MILLAT,47,2,61.4,196.4,2019,11.1,Understory,1-5,Alive,7,Young,5.5,609.30,0.03,0.1,0.05,"1,100.00",4.92,550.00,"1,654.92",0.0,0.0,16.3,0
3505,EUGEDE,47,2,62.7,196.4,2019,12.0,Understory,1-5,Alive,40,Intermediate,3.5,490.79,0.02,0.11,0.05,700.00,5.32,350.00,"1,055.32",0.0,0.0,17.2,6
3505A,EUGEDE,47,2,63.1,193.2,2019,12.6,Understory,1-5,Alive,7,Young,3.5,569.42,0.03,0.11,0.06,700.00,5.58,350.00,"1,055.58",0.0,0.0,17.8,6
3506B,APORBR,47,2,61.3,199.8,2019,11.9,Understory,1-5,Alive,7,Young,5.0,683.54,0.03,0.11,0.05,"1,000.00",5.27,500.00,"1,505.27",0.0,0.0,17.1,0
3512A,CALORU,47,2,79.1,195.5,2019,11.9,Understory,1-5,Alive,7,Young,0.5,68.35,0.0,0.11,0.05,100.00,5.27,50.00,155.27,0.4,0.2,17.1,0
3512B,MEL1TO,47,2,76.5,193.3,2019,11.1,Understory,1-5,Alive,7,Young,0.5,55.39,0.0,0.1,0.05,100.00,4.92,50.00,154.92,0.3,0.15,16.3,9
3512C,CALODI,47,2,79.0,192.5,2019,13.5,Understory,1-5,Alive,7,Young,10.0,"2,010.28",0.09,0.12,0.06,"2,000.00",5.98,"1,000.00","3,005.98",0.0,0.0,18.7,5
3516B,PIMEGR,47,2,76.7,188.0,2019,10.2,Understory,1-5,Alive,7,Young,10.5,903.03,0.04,0.09,0.05,"2,100.00",4.52,"1,050.00","3,154.52",-0.1,-0.05,15.3,0
3518A,KNEMCU,47,2,68.6,189.6,2019,13.6,Understory,1-5,Alive,7,Young,0.5,102.83,0.0,0.12,0.06,100.00,6.03,50.00,156.03,-0.2,-0.1,18.8,0
3518C,PIMEGR,47,2,69.5,191.1,2019,15.0,Understory,6-11,Alive,7,Young,10.5,"2,925.55",0.14,0.13,0.07,"2,100.00",6.65,"1,050.00","3,156.65",0.6,0.3,20.1,0
3521,CHISTO,47,2,74.1,180.9,2019,15.3,Understory,6-11,Alive,52,Intermediate,1.5,444.58,0.02,0.14,0.07,300.00,6.78,150.00,456.78,0.0,0.0,20.4,0
3521C,SANDKO,47,2,70.4,181.4,2019,11.6,Understory,1-5,Alive,7,Young,4.0,506.12,0.02,0.1,0.05,800.00,5.14,400.00,"1,205.14",0.5,0.25,16.8,2
3524,BACCRE,48,2,43.7,184.5,2019,40.8,Canopy,12-17,Alive,58,Intermediate,5.0,"37,696.98",1.77,0.36,0.18,"1,000.00",18.08,500.00,"1,518.08",0.6,0.3,34.9,0
3525B,CROTAR,48,2,49.4,185.0,2019,12.0,Understory,1-5,Alive,7,Young,8.0,"1,121.80",0.05,0.11,0.05,"1,600.00",5.32,800.00,"2,405.32",0.3,0.15,17.2,0
3527A,ALANEB,48,2,52.4,189.0,2019,13.0,Understory,1-5,Alive,35,Intermediate,4.5,805.58,0.04,0.12,0.06,900.00,5.76,450.00,"1,355.76",0.0,0.0,18.2,5
3528A,EUGESP,48,2,46.3,190.8,2019,14.8,Understory,6-11,Alive,48,Intermediate,1.5,400.82,0.02,0.13,0.07,300.00,6.56,150.00,456.56,0.1,0.05,19.9,0
3529B,XERONO,48,2,43.6,195.1,2019,12.1,Understory,1-5,Alive,7,Young,10.5,"1,509.96",0.07,0.11,0.05,"2,100.00",5.36,"1,050.00","3,155.36",0.2,0.1,17.3,11
3530A,TRIOMA,48,2,51.8,194.7,2019,19.4,Understory,6-11,Alive,35,Intermediate,1.0,628.57,0.03,0.17,0.09,200.00,8.6,100.00,308.60,0.6,0.3,23.7,27
3532A,CROTAR,48,2,49.2,197.6,2019,17.5,Understory,6-11,Alive,40,Intermediate,8.0,"3,619.29",0.17,0.16,0.08,"1,600.00",7.75,800.00,"2,407.75",-0.4,-0.2,22.2,0
3533B,SHORM1,48,2,57.3,196.6,2019,30.0,Canopy,12-17,Alive,7,Young,21.0,"55,316.99",2.6,0.27,0.13,"4,200.00",13.29,"2,100.00","6,313.29",1.5,0.75,30.2,10
3534B,CALODI,48,2,55.6,190.2,2019,10.5,Understory,1-5,Alive,4,Young,10.0,937.74,0.04,0.09,0.05,"2,000.00",4.65,"1,000.00","3,004.65",0.3,0.15,15.6,5
3538A,HOPEDR,48,2,53.7,185.2,2019,31.2,Canopy,12-17,Alive,40,Intermediate,3.5,"10,523.09",0.49,0.28,0.14,700.00,13.82,350.00,"1,063.82",0.7,0.35,30.8,0
3539,MEMEO2,48,2,56.5,180.6,2019,32.5,Canopy,12-17,Alive,53,Intermediate,3.5,"12,083.08",0.57,0.29,0.14,700.00,14.4,350.00,"1,064.40",-0.1,-0.05,31.5,0
3544A,ALPHMA,49,2,23.9,191.4,2019,12.9,Understory,1-5,Alive,40,Intermediate,5.5,961.58,0.05,0.11,0.06,"1,100.00",5.72,550.00,"1,655.72",0.0,0.0,18.1,0
3544C,EUGESD,49,2,27.2,190.0,2019,13.8,Understory,1-5,Alive,7,Young,0.5,107.56,0.01,0.12,0.06,100.00,6.11,50.00,156.11,0.0,0.0,19.0,0
3545A,CRY1IN,49,2,20.8,186.6,2019,10.5,Understory,1-5,Alive,4,Young,0.5,46.89,0.0,0.09,0.05,100.00,4.65,50.00,154.65,-0.1,-0.05,15.6,0
3546C,CINNIN,49,2,32.7,192.2,2019,14.0,Understory,6-11,Alive,7,Young,1.0,224.90,0.01,0.12,0.06,200.00,6.2,100.00,306.20,0.2,0.1,19.2,0
3546E,TIMOWA,49,2,31.0,194.5,2019,12.2,Understory,1-5,Alive,7,Young,1.5,221.18,0.01,0.11,0.05,300.00,5.41,150.00,455.41,0.3,0.15,17.4,0
3547A,AIDICO,49,2,37.5,194.5,2019,21.9,Understory,6-11,Alive,40,Intermediate,2.0,"1,859.74",0.09,0.19,0.1,400.00,9.7,200.00,609.70,0.4,0.2,25.5,0
3547C,CROTAR,49,2,35.1,195.0,2019,12.2,Understory,1-5,Alive,7,Young,8.0,"1,179.61",0.06,0.11,0.05,"1,600.00",5.41,800.00,"2,405.41",0.0,0.0,17.4,0
3551,POL1HY,49,2,36.9,184.4,2019,14.0,Understory,6-11,Alive,4,Young,3.0,674.71,0.03,0.12,0.06,600.00,6.2,300.00,906.20,0.5,0.25,19.2,0
3551C,PEN1MO,49,2,34.6,183.7,2019,14.0,Understory,6-11,Alive,7,Young,4.0,899.61,0.04,0.12,0.06,800.00,6.2,400.00,"1,206.20",0.3,0.15,19.2,0
3552,INTSPA,49,2,35.9,180.6,2019,26.2,Understory,6-11,Alive,53,Intermediate,3.0,"5,026.43",0.24,0.23,0.12,600.00,11.61,300.00,911.61,-0.3,-0.15,28.2,0
3553A,GREWMI,50,2,4.8,190.0,2019,16.2,Understory,6-11,Alive,28,Intermediate,6.0,"2,127.20",0.1,0.14,0.07,"1,200.00",7.18,600.00,"1,807.18",0.5,0.25,21.2,0
3554A,SCA1SP,50,2,3.0,186.8,2019,13.2,Understory,1-5,Alive,35,Intermediate,6.0,"1,125.63",0.05,0.12,0.06,"1,200.00",5.85,600.00,"1,805.85",0.1,0.05,18.4,0
3554C,DACRRO,50,2,2.7,184.8,2019,10.3,Understory,1-5,Alive,7,Young,4.5,398.43,0.02,0.09,0.05,900.00,4.56,450.00,"1,354.56",-0.2,-0.1,15.4,7
3555C,VATIBE,50,2,4.8,190.8,2019,11.1,Understory,1-5,Alive,7,Young,5.5,609.30,0.03,0.1,0.05,"1,100.00",4.92,550.00,"1,654.92",0.4,0.2,16.3,4
3558,XYLOFS,50,2,10.2,197.9,2019,29.6,Understory,12-17,Alive,57,Intermediate,2.5,"6,294.73",0.3,0.26,0.13,500.00,13.12,250.00,763.12,0.3,0.15,30.0,20
3561A,NEPHMA,50,2,17.1,187.4,2019,22.2,Understory,6-11,Alive,48,Intermediate,1.5,"1,457.96",0.07,0.2,0.1,300.00,9.84,150.00,459.84,0.3,0.15,25.7,0
3561E,MESURA,50,2,18.6,198.0,2019,11.7,Understory,1-5,Alive,4,Young,8.0,"1,038.89",0.05,0.1,0.05,"1,600.00",5.18,800.00,"2,405.18",0.5,0.25,16.9,0
3561F,CANAPA,50,2,13.8,188.0,2019,11.0,Understory,1-5,Alive,4,Young,3.0,323.42,0.02,0.1,0.05,600.00,4.87,300.00,904.87,0.9,0.45,16.2,0
